Gene_set,Term,Overlap,P-value,Adjusted P-value,Old P-value,Old Adjusted P-value,Odds Ratio,Combined Score,Genes
KEGG_2021_Human,Epstein-Barr virus infection,17/202,1.911887764503101e-16,2.6957617479493727e-14,0,0,21.82709215239336,789.9938477841022,DDX58;STAT1;TAP2;TAP1;TNFAIP3;ISG15;HLA-A;HLA-F;ICAM1;HLA-E;OAS1;OAS2;OAS3;IRF7;B2M;HLA-DQA1;HLA-DQB1
KEGG_2021_Human,Influenza A,15/172,7.537977373358899e-15,5.314274048218024e-13,0,0,22.19145747470963,721.6400666751542,CXCL8;RSAD2;DDX58;STAT1;MX2;MX1;ICAM1;IFIH1;OAS1;OAS2;OAS3;TNFSF10;IRF7;HLA-DQA1;HLA-DQB1
KEGG_2021_Human,NOD-like receptor signaling pathway,13/181,6.340809522483261e-12,2.9801804755671327e-10,0,0,17.550355774493706,452.518630765483,GBP5;CXCL8;STAT1;CYBB;TNFAIP3;OAS1;OAS2;OAS3;NAMPT;IRF7;GBP2;GBP1;GBP4
KEGG_2021_Human,Phagosome,12/152,1.4156008316440748e-11,4.989992931545364e-10,0,0,19.246753246753247,480.80087108510577,FCGR3A;NCF2;CLEC7A;TAP2;TAP1;CYBB;HLA-A;HLA-F;HLA-DQA1;CTSS;HLA-E;HLA-DQB1
KEGG_2021_Human,Measles,11/139,1.0236207337905712e-10,2.886610469289411e-09,0,0,19.091643258426966,439.155616629012,IFIH1;OAS1;DDX58;OAS2;STAT1;OAS3;MX2;MX1;IRF7;TNFAIP3;FOS
KEGG_2021_Human,Coronavirus disease,13/232,1.4337475664698588e-10,3.369306781204168e-09,0,0,13.428488951871095,304.36421181276074,C1QA;CXCL8;DDX58;STAT1;MX2;MX1;CYBB;ISG15;FOS;IFIH1;OAS1;OAS2;OAS3
KEGG_2021_Human,Antigen processing and presentation,9/78,1.8549863228795064e-10,3.736472450371577e-09,0,0,28.4247491638796,636.9410290503499,TAP2;TAP1;HLA-A;HLA-F;B2M;CTSS;HLA-DQA1;HLA-E;HLA-DQB1
KEGG_2021_Human,Human cytomegalovirus infection,12/225,1.3470079269755464e-09,2.374101471294401e-08,0,0,12.603713188220231,257.43563196887726,CXCL8;CCL3L1;CDKN2A;CCL4;TAP2;GNB4;CCL3;TAP1;HLA-A;HLA-F;B2M;HLA-E
KEGG_2021_Human,Hepatitis C,10/157,6.292155441593036e-09,9.85771019182909e-08,0,0,14.930461073318217,281.94626175200665,RSAD2;OAS1;DDX58;OAS2;STAT1;OAS3;MX2;MX1;IRF7;IFIT1
KEGG_2021_Human,Herpes simplex virus 1 infection,15/498,2.5836843784771762e-08,3.6429949736528177e-07,0,0,7.094263792473512,123.94717665624148,DDX58;STAT1;TAP2;TAP1;HLA-A;HLA-F;HLA-E;IFIH1;OAS1;OAS2;OAS3;IRF7;B2M;HLA-DQA1;HLA-DQB1
KEGG_2021_Human,Kaposi sarcoma-associated herpesvirus infection,10/193,4.5213874581842506e-08,5.795596650945267e-07,0,0,11.971463266545234,202.45973275574684,ZFP36;CXCL8;STAT1;GNB4;IRF7;HLA-A;FOS;HLA-F;ICAM1;HLA-E
KEGG_2021_Human,Toll-like receptor signaling pathway,8/104,5.10059662205412e-08,5.99320103091359e-07,0,0,17.93840579710145,301.20956990452106,CXCL8;CCL3L1;STAT1;CCL4;IRF7;CCL3;SPP1;FOS
KEGG_2021_Human,Leishmaniasis,7/77,1.1405989708521149e-07,1.2371111914626784e-06,0,0,21.32258064516129,340.8743334524742,FCGR3A;NCF2;STAT1;CYBB;FOS;HLA-DQA1;HLA-DQB1
KEGG_2021_Human,Human T-cell leukemia virus 1 infection,10/219,1.4796544865878985e-07,1.4902234472063836e-06,0,0,10.468367889420522,164.6285583263499,ZFP36;CDKN2A;HLA-A;FOS;HLA-F;B2M;HLA-DQA1;ICAM1;HLA-E;HLA-DQB1
KEGG_2021_Human,Rheumatoid arthritis,7/93,4.21004265365621e-07,3.957440094436837e-06,0,0,17.34158539634909,254.5852752030118,CXCL8;CCL3L1;CCL3;FOS;HLA-DQA1;ICAM1;HLA-DQB1
KEGG_2021_Human,Viral myocarditis,6/60,5.403339892130763e-07,4.761693279940235e-06,0,0,23.458628841607567,338.53331173601583,HLA-A;HLA-F;HLA-DQA1;ICAM1;HLA-E;HLA-DQB1
KEGG_2021_Human,Allograft rejection,5/38,1.2439270235903315e-06,1.0317277078013927e-05,0,0,31.68580542264753,430.8394130944191,HLA-A;HLA-F;HLA-DQA1;HLA-E;HLA-DQB1
KEGG_2021_Human,Lipid and atherosclerosis,9/215,1.3232658984043918e-06,1.0365582870834402e-05,0,0,9.455137095913797,127.97913556242092,CXCL8;CCL3L1;NCF2;TNFSF10;IRF7;CCL3;CYBB;FOS;ICAM1
KEGG_2021_Human,Graft-versus-host disease,5/42,2.075056133137789e-06,1.5399100777496228e-05,0,0,28.25462304409673,369.7265014059194,HLA-A;HLA-F;HLA-DQA1;HLA-E;HLA-DQB1
KEGG_2021_Human,Type I diabetes mellitus,5/43,2.338821443560366e-06,1.6488691177100578e-05,0,0,27.509695290858726,356.6869516489501,HLA-A;HLA-F;HLA-DQA1;HLA-E;HLA-DQB1
KEGG_2021_Human,Autoimmune thyroid disease,5/53,6.702179506664625e-06,4.500034811617677e-05,0,0,21.767543859649123,259.3184431876064,HLA-A;HLA-F;HLA-DQA1;HLA-E;HLA-DQB1
KEGG_2021_Human,Cell adhesion molecules,7/148,9.494819762941593e-06,6.0853163026125655e-05,0,0,10.54777701517578,121.98255397453045,HLA-A;HLA-F;TIGIT;HLA-DQA1;ICAM1;HLA-E;HLA-DQB1
KEGG_2021_Human,Human immunodeficiency virus 1 infection,8/212,1.1269193580967542e-05,6.908505630071406e-05,0,0,8.395566922421143,95.65436941683544,TAP2;GNB4;TAP1;HLA-A;FOS;HLA-F;B2M;HLA-E
KEGG_2021_Human,NF-kappa B signaling pathway,6/104,1.371968195719744e-05,8.060313149853495e-05,0,0,12.897524967433782,144.40944846252998,CXCL8;PLAU;DDX58;CCL4;TNFAIP3;ICAM1
KEGG_2021_Human,RIG-I-like receptor signaling pathway,5/70,2.643098448984932e-05,0.00014907075252275012,0,0,16.060728744939272,169.2957173934253,IFIH1;CXCL8;DDX58;IRF7;ISG15
KEGG_2021_Human,Human papillomavirus infection,9/331,4.240781127770002e-05,0.0002225421076343776,0,0,6.013309671694765,60.54307205021741,STAT1;IRF1;MX2;MX1;SPP1;ISG15;HLA-A;HLA-F;HLA-E
KEGG_2021_Human,Osteoclast differentiation,6/127,4.261444614275316e-05,0.0002225421076343776,0,0,10.433796377703535,104.9986030795164,FCGR3A;NCF2;STAT1;FOSB;FOS;JUNB
KEGG_2021_Human,Staphylococcus aureus infection,5/95,0.00011465277565068032,0.0005773586202409258,0,0,11.584795321637428,105.11582592931488,C1QA;FCGR3A;HLA-DQA1;ICAM1;HLA-DQB1
KEGG_2021_Human,Viral protein interaction with cytokine and cytokine receptor,5/100,0.0001460736125883001,0.0007102199784465626,0,0,10.97229916897507,96.9007614271628,CXCL8;CCL3L1;CCL4;TNFSF10;CCL3
KEGG_2021_Human,Chagas disease,5/102,0.00016033559543799543,0.0007448658149620692,0,0,10.744981009224093,93.8922386262267,C1QA;CXCL8;CCL3L1;CCL3;FOS
KEGG_2021_Human,Hepatitis B,6/162,0.00016376482456612867,0.0007448658149620692,0,0,8.078559738134206,70.42144470253923,IFIH1;CXCL8;DDX58;STAT1;IRF7;FOS
KEGG_2021_Human,TNF signaling pathway,5/112,0.0002482775499271468,0.0010939729543664,0,0,9.735858337432369,80.81700260359948,IRF1;TNFAIP3;FOS;JUNB;ICAM1
KEGG_2021_Human,Tuberculosis,6/180,0.0002894397375070674,0.0012366970602574,0,0,7.236243580337491,58.95775366137142,FCGR3A;CLEC7A;STAT1;HLA-DQA1;CTSS;HLA-DQB1
KEGG_2021_Human,Chemokine signaling pathway,6/192,0.0004084860208373309,0.0016940155570018,0,0,6.765271105010295,52.78976807822368,CXCL8;CCL3L1;STAT1;CCL4;GNB4;CCL3
KEGG_2021_Human,Natural killer cell mediated cytotoxicity,5/131,0.0005111317635071766,0.0020591308187003,0,0,8.259816207184628,62.60018184811349,FCGR3A;TNFSF10;HLA-A;ICAM1;HLA-E
KEGG_2021_Human,Viral carcinogenesis,6/203,0.0005484151337696418,0.002147959273931,0,0,6.383950750621017,47.93375385625556,CDKN2A;IRF7;PMAIP1;HLA-A;HLA-F;HLA-E
KEGG_2021_Human,Pertussis,4/76,0.0005728566057742373,0.0021830481463288,0,0,11.474537037037036,85.65598609029966,C1QA;CXCL8;IRF1;FOS
KEGG_2021_Human,Cytokine-cytokine receptor interaction,7/295,0.0007030253485785115,0.0026085940565676,0,0,5.125597371565114,37.212439734363016,IL1RN;CXCL8;CCL3L1;CCL4;CXCL17;TNFSF10;CCL3
KEGG_2021_Human,Cellular senescence,5/156,0.0011236344926704,0.0039703042972155,0,0,6.883583130010456,46.74769864728189,CXCL8;CDKN2A;HLA-A;HLA-F;HLA-E
KEGG_2021_Human,Bladder cancer,3/41,0.0011263274602029,0.0039703042972155,0,0,16.16549104720564,109.74417204757296,CXCL8;CDKN2A;TYMP
KEGG_2021_Human,Th1 and Th2 cell differentiation,4/92,0.0011738374459389,0.0040368556067657,0,0,9.380681818181818,63.29593508345567,STAT1;FOS;HLA-DQA1;HLA-DQB1
KEGG_2021_Human,IL-17 signaling pathway,4/94,0.0012713977134132,0.0042682637521731,0,0,9.171296296296296,61.15088756420859,CXCL8;TNFAIP3;FOSB;FOS
KEGG_2021_Human,AGE-RAGE signaling pathway in diabetic complications,4/100,0.0015979577835658,0.005239815057739,0,0,8.59548611111111,55.34658305163635,CXCL8;STAT1;CYBB;ICAM1
KEGG_2021_Human,Cholesterol metabolism,3/50,0.0020046761378758,0.0064165380490042,0,0,13.064049133581928,81.15743654844592,NCEH1;APOC1;APOE
KEGG_2021_Human,Th17 cell differentiation,4/107,0.0020478312922353,0.0064165380490042,0,0,8.008495145631068,49.58038484161047,STAT1;FOS;HLA-DQA1;HLA-DQB1
KEGG_2021_Human,Cytosolic DNA-sensing pathway,3/63,0.0038757213407073,0.0118799284573857,0,0,10.22680412371134,56.78968343517464,DDX58;CCL4;IRF7
KEGG_2021_Human,Inflammatory bowel disease,3/65,0.0042325222263702,0.0126975666791108,0,0,9.895909544396408,54.0807220421003,STAT1;HLA-DQA1;HLA-DQB1
KEGG_2021_Human,Systemic lupus erythematosus,4/135,0.0047223337439316,0.0138718553727992,0,0,6.287849872773537,33.674279209969015,C1QA;FCGR3A;HLA-DQA1;HLA-DQB1
KEGG_2021_Human,Prolactin signaling pathway,3/70,0.0052097235794995,0.0147613385630364,0,0,9.155100784736112,48.13045658628783,STAT1;IRF1;FOS
KEGG_2021_Human,Fluid shear stress and atherosclerosis,4/139,0.0052345172209349,0.0147613385630364,0,0,6.1003086419753085,32.04175316395329,NCF2;DUSP1;FOS;ICAM1
KEGG_2021_Human,Apoptosis,4/142,0.0056422081079585,0.0155990459455323,0,0,5.966787439613527,30.89292132963433,TNFSF10;PMAIP1;FOS;CTSS
KEGG_2021_Human,Necroptosis,4/159,0.0083562740420879,0.0226583584602769,0,0,5.307795698924731,25.396436404946197,STAT1;TNFSF10;CYBB;TNFAIP3
KEGG_2021_Human,Complement and coagulation cascades,3/85,0.008907727513708,0.0236979165930723,0,0,7.474729695750566,35.28697392743489,C1QA;PLAU;PLAUR
KEGG_2021_Human,Asthma,2/31,0.0104724512850622,0.0273447339109958,0,0,13.983814215341308,63.75230908786907,HLA-DQA1;HLA-DQB1
KEGG_2021_Human,Neutrophil extracellular trap formation,4/189,0.014993672320653,0.0382884590266429,0,0,4.440315315315315,18.64988829841458,FCGR3A;NCF2;CLEC7A;CYBB
KEGG_2021_Human,C-type lectin receptor signaling pathway,3/104,0.0153453232940326,0.0382884590266429,0,0,6.06277431866898,25.323871983150248,CLEC7A;STAT1;IRF1
KEGG_2021_Human,Primary immunodeficiency,2/38,0.0154783132235365,0.0382884590266429,0,0,11.260770975056689,46.9384448645158,TAP2;TAP1
KEGG_2021_Human,Toxoplasmosis,3/112,0.0186665018739365,0.045378909728018,0,0,5.615530123900501,22.35556415568353,STAT1;HLA-DQA1;HLA-DQB1
KEGG_2021_Human,Leukocyte transendothelial migration,3/114,0.0195542061325188,0.0467312383844942,0,0,5.513792142658122,21.694372855325803,NCF2;CYBB;ICAM1
KEGG_2021_Human,ABC transporters,2/45,0.0213109604144821,0.0500807569740331,0,0,9.424299952539156,36.26973658038426,TAP2;TAP1
KEGG_2021_Human,"Growth hormone synthesis, secretion and action",3/119,0.0218742991047355,0.0505619044879952,0,0,5.274795591894774,20.16260489683167,STAT1;FOS;JUNB
KEGG_2021_Human,Intestinal immune network for IgA production,2/48,0.0240483300532171,0.05469055705651,0,0,8.808340727595386,32.83476119194659,HLA-DQA1;HLA-DQB1
KEGG_2021_Human,Malaria,2/50,0.025948961945953,0.0580762481647521,0,0,8.44047619047619,30.82144266223132,CXCL8;ICAM1
KEGG_2021_Human,Endocytosis,4/252,0.0377569145088387,0.0831832022772852,0,0,3.301747311827957,10.818461177683751,RAB11FIP1;HLA-A;HLA-F;HLA-E
KEGG_2021_Human,Amphetamine addiction,2/69,0.0467626402187707,0.1014389580130257,0,0,6.041120925982333,18.501963939065423,FOSB;FOS
KEGG_2021_Human,Pathways in cancer,6/531,0.0503035852229371,0.1074667502490019,0,0,2.3556231003039514,7.042556744390224,CXCL8;STAT1;CDKN2A;GNB4;PMAIP1;FOS
KEGG_2021_Human,p53 signaling pathway,2/73,0.0517203452860749,0.1088443087363667,0,0,5.699626329405001,16.881746303056282,CDKN2A;PMAIP1
KEGG_2021_Human,Pancreatic cancer,2/76,0.0555565913641185,0.1151982262108928,0,0,5.467733039161611,15.803679213614178,CDKN2A;STAT1
KEGG_2021_Human,Colorectal cancer,2/86,0.0690235124413976,0.141048047162856,0,0,4.814382896015549,12.870328659591635,PMAIP1;FOS
KEGG_2021_Human,PD-L1 expression and PD-1 checkpoint pathway in cancer,2/89,0.0732536203857354,0.1475537210626956,0,0,4.647665962936899,12.148197603177868,STAT1;FOS
KEGG_2021_Human,Pathogenic Escherichia coli infection,3/197,0.0761852459444459,0.1512974602558716,0,0,3.141566585184398,8.088237928100623,CXCL8;TNFSF10;FOS
KEGG_2021_Human,Circadian entrainment,2/97,0.0849237360045432,0.1663089830088972,0,0,4.254564983888292,10.49176426482804,GNB4;FOS
KEGG_2021_Human,Hematopoietic cell lineage,2/99,0.0879246283814666,0.1698270219422849,0,0,4.166421207658321,10.129717084781952,HLA-DQA1;HLA-DQB1
KEGG_2021_Human,Amoebiasis,2/102,0.0924846891098034,0.1762208265470579,0,0,4.040816326530612,9.62002061056518,CXCL8;SERPINB13
KEGG_2021_Human,Serotonergic synapse,2/113,0.109762052329387,0.203637491821626,0,0,3.638352638352639,8.038723369904124,DUSP1;GNB4
KEGG_2021_Human,Cholinergic synapse,2/113,0.109762052329387,0.203637491821626,0,0,3.638352638352639,8.038723369904124,GNB4;FOS
KEGG_2021_Human,Salmonella infection,3/249,0.128921631654778,0.2360772735496585,0,0,2.470958008549158,5.061882426430637,CXCL8;TNFSF10;FOS
KEGG_2021_Human,Lysosome,2/128,0.1345359164474102,0.2431450947151582,0,0,3.202785876255264,6.424545308435403,CD68;CTSS
KEGG_2021_Human,Relaxin signaling pathway,2/129,0.1362302303723226,0.2431450947151582,0,0,3.177406395629118,6.333870360024791,GNB4;FOS
KEGG_2021_Human,Dopaminergic synapse,2/132,0.1413417095746185,0.2491147631252651,0,0,3.1036106750392465,6.072446585747735,GNB4;FOS
KEGG_2021_Human,Apelin signaling pathway,2/137,0.1499507080843318,0.2578420712181803,0,0,2.9879062736205597,5.669398730173793,GNB4;SPP1
KEGG_2021_Human,Yersinia infection,2/137,0.1499507080843318,0.2578420712181803,0,0,2.9879062736205597,5.669398730173793,CXCL8;FOS
KEGG_2021_Human,Prion disease,3/273,0.1566730077180108,0.2661553504607172,0,0,2.24856815578465,4.167933339263407,C1QA;NCF2;CYBB
KEGG_2021_Human,Nicotinate and nicotinamide metabolism,1/35,0.1610365757741949,0.2703113950495415,0,0,5.901960784313726,10.777710825180796,NAMPT
KEGG_2021_Human,African trypanosomiasis,1/37,0.1694200671801256,0.2810379937929143,0,0,5.57351290684624,9.895070145641316,ICAM1
KEGG_2021_Human,Cushing syndrome,2/155,0.1817247564919734,0.2921498116412254,0,0,2.633986928104575,4.49163798449718,NCEH1;CDKN2A
KEGG_2021_Human,Non-alcoholic fatty liver disease,2/155,0.1817247564919734,0.2921498116412254,0,0,2.633986928104575,4.49163798449718,CXCL8;FOS
KEGG_2021_Human,MAPK signaling pathway,3/294,0.1823346342158002,0.2921498116412254,0,0,2.08406844510575,3.5469003257231084,DUSP5;DUSP1;FOS
KEGG_2021_Human,Ferroptosis,1/41,0.1859390303366049,0.2945775649152954,0,0,5.015151515151516,8.43717221072756,CYBB
KEGG_2021_Human,MicroRNAs in cancer,3/310,0.2025980581650802,0.3174036244586257,0,0,1.9738406259444572,3.151298284847128,ZEB2;PLAU;CDKN2A
KEGG_2021_Human,Proteasome,1/46,0.2061310043831236,0.3193897980002245,0,0,4.45679012345679,7.038356248208516,PSMB9
KEGG_2021_Human,Cocaine addiction,1/49,0.21800735103248,0.3341199619084748,0,0,4.177609427609427,6.363445371866637,FOSB
KEGG_2021_Human,Alcoholism,2/186,0.2383134061741662,0.3613138738769617,0,0,2.186779059449867,3.136209947287738,GNB4;FOSB
KEGG_2021_Human,Pyrimidine metabolism,1/56,0.2450391435680432,0.3663187139119696,0,0,3.644628099173554,5.125576482532065,TYMP
KEGG_2021_Human,Legionellosis,1/57,0.2488245414130006,0.3663187139119696,0,0,3.5793650793650795,4.978922896997587,CXCL8
KEGG_2021_Human,Transcriptional misregulation in cancer,2/192,0.2494084860677239,0.3663187139119696,0,0,2.117078410311493,2.939908923064224,CXCL8;PLAU
KEGG_2021_Human,Notch signaling pathway,1/59,0.256339055642632,0.3726165654186713,0,0,3.4555903866248694,4.703937185372145,DTX3L
KEGG_2021_Human,Diabetic cardiomyopathy,2/203,0.2697872573969225,0.3874698482883225,0,0,2.000101533150574,2.620376153040449,NCF2;CYBB
KEGG_2021_Human,Proteoglycans in cancer,2/205,0.2734937354684326,0.3874698482883225,0,0,1.980195033678496,2.567276450212099,PLAU;PLAUR
KEGG_2021_Human,GnRH secretion,1/64,0.2748013108427819,0.3874698482883225,0,0,3.180535513868848,4.108319823136149,SPP1
KEGG_2021_Human,Cortisol synthesis and secretion,1/65,0.2784389392137884,0.3887117864271698,0,0,3.1306818181818183,4.00275356439037,NCEH1
KEGG_2021_Human,Epithelial cell signaling in Helicobacter pylori infection,1/70,0.2963578762035246,0.4096711818107547,0,0,2.9030888596105986,3.530700422312052,CXCL8
KEGG_2021_Human,Melanoma,1/72,0.3034014618596549,0.4113423665597245,0,0,2.821027173139849,3.3646345783285243,CDKN2A
KEGG_2021_Human,Non-small cell lung cancer,1/72,0.3034014618596549,0.4113423665597245,0,0,2.821027173139849,3.3646345783285243,CDKN2A
KEGG_2021_Human,Glioma,1/75,0.3138361616484454,0.4214371313564838,0,0,2.7062517062517064,3.1362323637249645,CDKN2A
KEGG_2021_Human,Chronic myeloid leukemia,1/76,0.3172798893506643,0.4220421169664498,0,0,2.67003367003367,3.065121123308704,CDKN2A
KEGG_2021_Human,B cell receptor signaling pathway,1/81,0.3342435328543524,0.4404517582473242,0,0,2.5025252525252526,2.742480915944007,FOS
KEGG_2021_Human,Parkinson disease,2/249,0.3543299070983733,0.4619371818035863,0,0,1.6238122779476163,1.6847488521495495,DUSP1;UBE2L6
KEGG_2021_Human,ECM-receptor interaction,1/88,0.3572937084833981,0.4619371818035863,0,0,2.3003599210495764,2.367523811703655,SPP1
KEGG_2021_Human,GABAergic synapse,1/89,0.3605214364245345,0.4619371818035863,0,0,2.2741046831955924,2.32005037808893,GNB4
KEGG_2021_Human,Bile secretion,1/90,0.3637331156781473,0.4619371818035863,0,0,2.2484394506866416,2.273925239694265,NCEH1
KEGG_2021_Human,Morphine addiction,1/91,0.3669288252624231,0.4619371818035863,0,0,2.22334455667789,2.2290972080359737,GNB4
KEGG_2021_Human,Salivary secretion,1/93,0.3732726494349856,0.4657649873480793,0,0,2.1747913921826965,2.143139832163484,LYZ
KEGG_2021_Human,Fc gamma R-mediated phagocytosis,1/97,0.3857720948428521,0.472663842172839,0,0,2.083754208754209,1.9847936202473104,FCGR3A
KEGG_2021_Human,Prostate cancer,1/97,0.3857720948428521,0.472663842172839,0,0,2.083754208754209,1.9847936202473104,PLAU
KEGG_2021_Human,Choline metabolism in cancer,1/98,0.3888581963975129,0.472663842172839,0,0,2.062168072477351,1.947801335478516,FOS
KEGG_2021_Human,T cell receptor signaling pathway,1/104,0.4070550586365517,0.4905535322030238,0,0,1.9414533686378344,1.7449915352070269,FOS
KEGG_2021_Human,"Parathyroid hormone synthesis, secretion and action",1/106,0.4130006611337857,0.4935007899988456,0,0,1.9042809042809044,1.6839671916127796,FOS
KEGG_2021_Human,Drug metabolism,1/108,0.4188872357630098,0.4956250687387538,0,0,1.8684980647597471,1.6258801725332537,TYMP
KEGG_2021_Human,HIF-1 signaling pathway,1/109,0.4218085691393649,0.4956250687387538,0,0,1.851103628881407,1.5978794932003777,CYBB
KEGG_2021_Human,Glutamatergic synapse,1/114,0.4361985658337181,0.5082975023351591,0,0,1.768749441315813,1.4674566165007243,GNB4
KEGG_2021_Human,Thyroid hormone signaling pathway,1/121,0.4557507025779253,0.5267282710121924,0,0,1.664983164983165,1.308359295077608,STAT1
KEGG_2021_Human,Cell cycle,1/124,0.4639232772068564,0.5318144885054207,0,0,1.6241274533957462,1.2473885010387038,CDKN2A
KEGG_2021_Human,FoxO signaling pathway,1/131,0.4825231566060633,0.548675524850443,0,0,1.5361305361305362,1.119418823893266,TNFSF10
KEGG_2021_Human,Estrogen signaling pathway,1/137,0.4979563925252978,0.5616948107685359,0,0,1.467914438502674,1.0234927306951356,FOS
KEGG_2021_Human,Ubiquitin mediated proteolysis,1/140,0.5055012372413341,0.5656799559605405,0,0,1.4360148245040332,0.9796561960455776,UBE2L6
KEGG_2021_Human,Breast cancer,1/147,0.5226721271590139,0.5739207514768154,0,0,1.366680503666805,0.8867035673377484,FOS
KEGG_2021_Human,Phospholipase D signaling pathway,1/148,0.5250764322021929,0.5739207514768154,0,0,1.357314643028929,0.874397623216168,CXCL8
KEGG_2021_Human,Retrograde endocannabinoid signaling,1/148,0.5250764322021929,0.5739207514768154,0,0,1.357314643028929,0.874397623216168,GNB4
KEGG_2021_Human,PI3K-Akt signaling pathway,2/354,0.5308239047065556,0.575739773566341,0,0,1.1333487940630798,0.7177780596011828,GNB4;SPP1
KEGG_2021_Human,Oxytocin signaling pathway,1/154,0.5392525329667543,0.5804168484603996,0,0,1.3036904997689311,0.8051218322041944,FOS
KEGG_2021_Human,Alzheimer disease,2/369,0.5533212972128415,0.591038381968809,0,0,1.0861925151532,0.6428265859098229,CYBB;APOE
KEGG_2021_Human,JAK-STAT signaling pathway,1/162,0.557504289374834,0.591038381968809,0,0,1.238408934061108,0.7235838652550021,STAT1
KEGG_2021_Human,Hepatocellular carcinoma,1/168,0.5707216454532212,0.6005354627530164,0,0,1.1935522893606727,0.6694081869063938,CDKN2A
KEGG_2021_Human,Protein processing in endoplasmic reticulum,1/171,0.5771829849119133,0.6028355620191095,0,0,1.172311348781937,0.6442975473743275,PPP1R15A
KEGG_2021_Human,Focal adhesion,1/201,0.6367278257975183,0.6601369370400741,0,0,0.9949494949494948,0.4491331261764552,SPP1
KEGG_2021_Human,cAMP signaling pathway,1/216,0.6633067349218524,0.6826733549195707,0,0,0.9248296922715528,0.3796590033348701,FOS
KEGG_2021_Human,Ras signaling pathway,1/232,0.6895374384771322,0.7004110279674717,0,0,0.8600725873453147,0.3197184684889406,GNB4
KEGG_2021_Human,Pathways of neurodegeneration,2/475,0.6904761197693515,0.7004110279674717,0,0,0.8382016654441904,0.3104480120217071,CYBB;UBE2L6
KEGG_2021_Human,Chemical carcinogenesis,1/239,0.7003672839686657,0.7053699074255847,0,0,0.8344792462439521,0.2972001091279682,FOS
KEGG_2021_Human,Shigellosis,1/246,0.7108229973595908,0.7108229973595908,0,0,0.8103483817769532,0.276597695305975,CXCL8
GO_Biological_Process_2023,Defense Response To Symbiont (GO:0140546),22/148,1.1859002820329364e-26,1.3578558229277122e-23,0,0,44.264143264143264,2642.423732692381,GBP5;RSAD2;STAT1;MX2;MX1;IFI6;NLRC5;DDX60L;ISG15;IFIT1;DDX60;IFI44L;IFIT3;IFIT2;IFIH1;OAS1;OAS2;IRF1;OAS3;IRF7;PMAIP1;GBP2
GO_Biological_Process_2023,Defense Response To Virus (GO:0051607),22/189,3.1966031780805993e-24,1.8300553194511428e-21,0,0,33.32765238753263,1803.0244441863424,GBP5;RSAD2;STAT1;MX2;MX1;IFI6;NLRC5;DDX60L;ISG15;IFIT1;DDX60;IFI44L;IFIT3;IFIT2;IFIH1;OAS1;OAS2;IRF1;OAS3;IRF7;PMAIP1;GBP2
GO_Biological_Process_2023,Negative Regulation Of Viral Process (GO:0048525),10/61,4.495797010023099e-13,1.715895858825483e-10,0,0,43.24400871459695,1229.4472003859084,IFIH1;ZFP36;RSAD2;OAS1;OAS2;STAT1;OAS3;MX1;ISG15;IFIT1
GO_Biological_Process_2023,Cellular Response To Type II Interferon (GO:0071346),9/66,3.9550459606609156e-11,1.0419622974512668e-08,0,0,34.42972816657027,824.7105587175868,GBP5;CCL3L1;STAT1;IRF1;CCL4;CCL3;GBP2;GBP1;GBP4
GO_Biological_Process_2023,Regulation Of Viral Genome Replication (GO:0045069),9/67,4.5500537006605526e-11,1.0419622974512668e-08,0,0,33.83440697233801,805.7087816349355,IFIH1;CXCL8;RSAD2;OAS1;OAS2;OAS3;MX1;ISG15;IFIT1
GO_Biological_Process_2023,Negative Regulation Of Viral Genome Replication (GO:0045071),8/53,2.1627242256309067e-10,4.127198730578981e-08,0,0,38.3671497584541,853.8410547151914,IFIH1;RSAD2;OAS1;OAS2;OAS3;MX1;ISG15;IFIT1
GO_Biological_Process_2023,Cellular Response To Cytokine Stimulus (GO:0071345),14/308,4.229531620503208e-10,6.696304319415195e-08,0,0,10.856035437430789,234.3140598616531,GBP5;CXCL8;CCL3L1;DUSP1;STAT1;IFIT1;ZFP36;OAS1;IRF1;CCL4;CCL3;GBP2;GBP1;GBP4
GO_Biological_Process_2023,Positive Regulation Of Interferon-Beta Production (GO:0032728),7/36,4.678640572517167e-10,6.696304319415195e-08,0,0,51.57471264367816,1107.97147193502,IFIH1;OAS1;OAS2;IRF1;OAS3;IRF7;ISG15
GO_Biological_Process_2023,Regulation Of Tumor Necrosis Factor Production (GO:0032680),10/127,7.952928437188361e-10,1.0117892289534085e-07,0,0,18.78727445394112,393.6368117947637,IFIH1;ZFP36;FCGR3A;OAS1;CLEC7A;OAS2;OAS3;CCL3;TNFAIP3;HLA-E
GO_Biological_Process_2023,Positive Regulation Of Type I Interferon Production (GO:0032481),8/64,1.032467634261482e-09,1.1821754412293969e-07,0,0,30.81366459627329,637.5752139213126,IFIH1;OAS1;OAS2;STAT1;IRF1;OAS3;IRF7;ISG15
GO_Biological_Process_2023,Interleukin-27-Mediated Signaling Pathway (GO:0070106),4/5,2.9299625387746827e-09,3.049824642633647e-07,0,0,829.125,16290.877003827774,OAS1;OAS2;STAT1;MX1
GO_Biological_Process_2023,Positive Regulation Of Tumor Necrosis Factor Production (GO:0032760),8/78,5.16460484565302e-09,4.657524156340503e-07,0,0,24.633540372670808,470.0433547055405,IFIH1;FCGR3A;OAS1;OAS2;CLEC7A;OAS3;CCL3;HLA-E
GO_Biological_Process_2023,Regulation Of Interferon-Beta Production (GO:0032648),7/50,5.288018692788343e-09,4.657524156340503e-07,0,0,34.758439609902474,662.4201620161346,IFIH1;OAS1;OAS2;IRF1;OAS3;IRF7;ISG15
GO_Biological_Process_2023,Response To Type II Interferon (GO:0034341),8/80,6.332958160741125e-09,5.179455067177563e-07,0,0,23.946859903381643,452.0568091753863,GBP5;CCL3L1;STAT1;CCL4;CCL3;GBP2;GBP1;GBP4
GO_Biological_Process_2023,Positive Regulation Of Tumor Necrosis Factor Superfamily Cytokine Production (GO:1903557),8/82,7.723145301602882e-09,5.8953342468902e-07,0,0,23.2972972972973,435.1712444050708,IFIH1;FCGR3A;OAS1;OAS2;CLEC7A;OAS3;CCL3;HLA-E
GO_Biological_Process_2023,Antigen Processing And Presentation Of Endogenous Peptide Antigen (GO:0002483),5/21,5.3939128394227595e-08,3.860018875711912e-06,0,0,65.40789473684211,1094.6279146074917,TAP2;TAP1;HLA-A;HLA-F;HLA-E
GO_Biological_Process_2023,Defense Response To Bacterium (GO:0042742),10/204,7.621100886073882e-08,5.133035596796821e-06,0,0,11.286368843069877,184.9808756099965,OAS1;OAS2;OAS3;ISG15;HLA-A;LYZ;GBP2;GBP1;GBP4;HLA-E
GO_Biological_Process_2023,Antiviral Innate Immune Response (GO:0140374),6/46,1.0696028672901557e-07,6.803862683595711e-06,0,0,31.69148936170213,508.6740180599888,IFIH1;OAS1;MX1;IFIT1;IFIT3;IFIT2
GO_Biological_Process_2023,Cellular Response To Tumor Necrosis Factor (GO:0071356),8/119,1.4604827290263872e-07,8.801330130185334e-06,0,0,15.502546024285154,243.9996665332181,ZFP36;CXCL8;CCL3L1;STAT1;CCL4;CCL3;GBP2;GBP1
GO_Biological_Process_2023,Regulation Of Calcium-Mediated Signaling (GO:0050848),5/30,3.645208180442666e-07,2.0868816833034264e-05,0,0,41.8421052631579,620.2959119819114,CLEC7A;PLEK;CCL4;CCL3;GBP1
GO_Biological_Process_2023,Antigen Processing And Presentation Of Exogenous Peptide Antigen (GO:0002478),5/31,4.329043041940791e-07,2.360359182391526e-05,0,0,40.23076923076923,589.4913692416433,HLA-A;HLA-F;CTSS;HLA-DQA1;HLA-E
GO_Biological_Process_2023,Negative Regulation Of Cytokine-Mediated Signaling Pathway (GO:0001960),6/59,4.882630651005325e-07,2.541187316091408e-05,0,0,23.90244881573665,347.3602222513627,IL1RN;OAS1;OAS3;NLRC5;ISG15;PARP14
GO_Biological_Process_2023,Positive Regulation Of Cytokine Production (GO:0001819),11/320,5.915684041836927e-07,2.9449818382188177e-05,0,0,7.836115050361805,112.37371788141024,IFIH1;GBP5;CLEC7A;IRF1;CXCL17;IRF7;ISG15;HLA-A;BTN3A2;TIGIT;HLA-E
GO_Biological_Process_2023,Negative Regulation Of Type I Interferon-Mediated Signaling Pathway (GO:0060339),4/15,7.697717176424293e-07,3.525554466802326e-05,0,0,75.33712121212122,1060.5336009814866,OAS1;OAS3;NLRC5;ISG15
GO_Biological_Process_2023,Defense Response To Protozoan (GO:0042832),4/15,7.697717176424293e-07,3.525554466802326e-05,0,0,75.33712121212122,1060.5336009814866,CLEC7A;GBP2;GBP1;GBP4
GO_Biological_Process_2023,Response To Tumor Necrosis Factor (GO:0034612),7/108,1.1657558366675666e-06,5.105921823225981e-05,0,0,14.754923879484725,201.58384892882844,ZFP36;CXCL8;CCL3L1;CCL4;CCL3;GBP2;GBP1
GO_Biological_Process_2023,Regulation Of Ribonuclease Activity (GO:0060700),3/5,1.2040164998000132e-06,5.105921823225981e-05,0,0,307.70103092783506,4193.9181292988405,OAS1;OAS2;OAS3
GO_Biological_Process_2023,Antigen Processing And Presentation Of Peptide Antigen Via MHC Class I (GO:0002474),4/18,1.7058808579487874e-06,6.975834222683435e-05,0,0,59.18452380952381,786.055047821626,TAP2;TAP1;HLA-A;B2M
GO_Biological_Process_2023,Antigen Processing And Presentation Of Endogenous Peptide Antigen Via MHC Class I (GO:0019885),3/6,2.399296778057216e-06,9.157316036251707e-05,0,0,205.1237113402062,2654.3695150710146,TAP2;TAP1;HLA-A
GO_Biological_Process_2023,Regulation Of Nuclease Activity (GO:0032069),3/6,2.399296778057216e-06,9.157316036251707e-05,0,0,205.1237113402062,2654.3695150710146,OAS1;OAS2;OAS3
GO_Biological_Process_2023,Regulation Of Innate Immune Response (GO:0045088),6/78,2.5783886632343107e-06,9.523403288397696e-05,0,0,17.578014184397162,226.1999668175285,GBP5;IRF1;TNFAIP3;IFI35;PARP9;HLA-E
GO_Biological_Process_2023,Cellular Response To Interleukin-1 (GO:0071347),6/81,3.2187820878903624e-06,0.00011517204658232704,0,0,16.872340425531913,213.37617979361437,CXCL8;CCL3L1;CCL4;CCL3;GBP2;GBP1
GO_Biological_Process_2023,Response To Interleukin-1 (GO:0070555),6/85,4.268408936274755e-06,0.00014810085551619984,0,0,16.014812819822247,198.01146032894957,CXCL8;CCL3L1;CCL4;CCL3;GBP2;GBP1
GO_Biological_Process_2023,Cytosolic Pattern Recognition Receptor Signaling Pathway (GO:0002753),4/23,4.842628966725328e-06,0.0001630826519676618,0,0,43.59868421052632,533.5629998044093,IFIH1;OAS3;IRF7;TNFAIP3
GO_Biological_Process_2023,Negative Regulation Of Innate Immune Response (GO:0045824),5/52,6.093936633241793e-06,0.0001993587841446244,0,0,22.231802911534157,266.96429755989936,OAS1;OAS3;NLRC5;TNFAIP3;ISG15
GO_Biological_Process_2023,Positive Regulation Of Monocyte Chemotactic Protein-1 Production (GO:0071639),3/8,6.669353467633975e-06,0.0002121224922344695,0,0,123.0618556701031,1466.6496741086537,OAS1;CLEC7A;OAS3
GO_Biological_Process_2023,Response To Type I Interferon (GO:0034340),3/9,9.967716330682825e-06,0.000300343031542943,0,0,102.54639175257732,1180.940557869435,MX1;ISG15;IFIT1
GO_Biological_Process_2023,"Regulation Of CD8-positive, Alpha-Beta T Cell Activation (GO:2001185)",3/9,9.967716330682825e-06,0.000300343031542943,0,0,102.54639175257732,1180.940557869435,IRF1;HLA-A;HLA-E
GO_Biological_Process_2023,Cellular Response To Chemokine (GO:1990869),5/59,1.1418514477399644e-05,0.0003352358737595536,0,0,19.34307992202729,220.1295580852784,CXCL8;CCL3L1;DUSP1;CCL4;CCL3
GO_Biological_Process_2023,Response To Interferon-Beta (GO:0035456),4/29,1.2693395108987412e-05,0.0003633484349947647,0,0,33.125,373.4654530043152,OAS1;STAT1;IRF1;XAF1
GO_Biological_Process_2023,Regulation Of Monocyte Chemotactic Protein-1 Production (GO:0071637),3/11,1.943756475353003e-05,0.0005299050391140925,0,0,76.9020618556701,834.256871154208,OAS1;CLEC7A;OAS3
GO_Biological_Process_2023,Regulation Of Type II Interferon-Mediated Signaling Pathway (GO:0060334),3/11,1.943756475353003e-05,0.0005299050391140925,0,0,76.9020618556701,834.256871154208,NLRC5;PARP14;PARP9
GO_Biological_Process_2023,Regulation Of Type I Interferon-Mediated Signaling Pathway (GO:0060338),4/33,2.1536267738475066e-05,0.0005604324218307715,0,0,28.55028735632184,306.79488338882885,OAS1;OAS3;NLRC5;ISG15
GO_Biological_Process_2023,Positive Regulation Of Cytokine Production Involved In Immune Response (GO:0002720),4/33,2.1536267738475066e-05,0.0005604324218307715,0,0,28.55028735632184,306.79488338882885,CLEC7A;HLA-A;HLA-F;HLA-E
GO_Biological_Process_2023,Inflammatory Response (GO:0006954),8/236,2.442601745886472e-05,0.0006215064442311133,0,0,7.502669717772693,79.6773148169111,CXCL8;CCL3L1;CCL4;CCL3;CYBB;FOS;LYZ;APOL2
GO_Biological_Process_2023,Antigen Processing And Presentation Of Endogenous Peptide Antigen Via MHC Class I Via ER Pathway (GO:0002484),3/13,3.344768461719186e-05,0.0007815836507486671,0,0,61.51546391752577,633.9493354046144,HLA-A;HLA-F;HLA-E
GO_Biological_Process_2023,"Antigen Processing And Presentation Of Endogenous Peptide Antigen Via MHC Class I Via ER Pathway, TAP-independent (GO:0002486)",3/13,3.344768461719186e-05,0.0007815836507486671,0,0,61.51546391752577,633.9493354046144,HLA-A;HLA-F;HLA-E
GO_Biological_Process_2023,Antigen Processing And Presentation Of Endogenous Peptide Antigen Via MHC Class Ib (GO:0002476),3/13,3.344768461719186e-05,0.0007815836507486671,0,0,61.51546391752577,633.9493354046144,HLA-A;HLA-F;HLA-E
GO_Biological_Process_2023,Antigen Processing And Presentation Of Peptide Antigen Via MHC Class Ib (GO:0002428),3/13,3.344768461719186e-05,0.0007815836507486671,0,0,61.51546391752577,633.9493354046144,HLA-A;HLA-F;HLA-E
GO_Biological_Process_2023,Regulation Of Defense Response To Virus By Host (GO:0050691),4/37,3.423076487553643e-05,0.0007838845156497843,0,0,25.08459595959596,257.92949230262207,DTX3L;STAT1;TNFAIP3;PARP9
GO_Biological_Process_2023,Cellular Response To Lipopolysaccharide (GO:0071222),6/124,3.725787300481846e-05,0.0008364757762846497,0,0,10.700685178507031,109.1218131008558,ZFP36;CXCL8;CCL3;TNFAIP3;GBP2;CD68
GO_Biological_Process_2023,Cytokine-Mediated Signaling Pathway (GO:0019221),8/257,4.477586291913798e-05,0.000985930058507942,0,0,6.8625807578138645,68.72079487700354,CXCL8;CCL3L1;OAS1;OAS2;STAT1;CCL4;MX1;CCL3
GO_Biological_Process_2023,Alpha-Beta T Cell Activation (GO:0046631),3/15,5.2826809188518965e-05,0.0011412584249217,0,0,51.25773195876289,504.8113501315131,RSAD2;HLA-A;HLA-E
GO_Biological_Process_2023,Negative Regulation Of Natural Killer Cell Mediated Cytotoxicity (GO:0045953),3/16,6.478177589668101e-05,0.0013549345076086,0,0,47.312450436161775,456.30427675438654,HLA-A;HLA-F;HLA-E
GO_Biological_Process_2023,Protein Localization To Organelle (GO:0033365),6/137,6.508419032181117e-05,0.0013549345076086,0,0,9.632450868929674,92.8551781720776,PPP1R15A;GBP5;ISG15;SNX10;GBP2;GBP1
GO_Biological_Process_2023,Defense Response To Gram-positive Bacterium (GO:0050830),5/85,6.751700619952517e-05,0.0013804816446152,0,0,13.039473684210526,125.2197745880067,HLA-A;GBP2;LYZ;GBP4;HLA-E
GO_Biological_Process_2023,Positive Regulation Of Innate Immune Response (GO:0045089),4/45,7.48930003693102e-05,0.0015044295688221,0,0,20.181910569105693,191.7170528748238,GBP5;NLRC5;IFI35;HLA-E
GO_Biological_Process_2023,Regulation Of Interleukin-2 Production (GO:0032663),4/47,8.897220675498297e-05,0.0017564340816285,0,0,19.24127906976744,179.46699877969036,ZFP36;CLEC7A;TNFAIP3;GBP1
GO_Biological_Process_2023,Positive Regulation Of Binding (GO:0051099),5/91,9.34850092959024e-05,0.0017883547834783,0,0,12.12607099143207,112.5021635851238,DTX3L;PLAUR;APOE;PARP9;B2M
GO_Biological_Process_2023,Positive Regulation Of Natural Killer Cell Activation (GO:0032816),3/18,9.371291441807692e-05,0.0017883547834783,0,0,41.0,380.2862565875762,FCGR3A;HLA-F;HLA-E
GO_Biological_Process_2023,Negative Regulation Of Cell Population Proliferation (GO:0008285),9/379,0.00011948621254911768,0.002242814973258,0,0,5.220374220374221,47.15203602657199,CXCL8;CCL3L1;CDKN2A;IRF1;TNFAIP3;IFI35;APOE;B2M;IFIT3
GO_Biological_Process_2023,Positive Regulation Of Protein-Containing Complex Assembly (GO:0031334),5/98,0.0001328033366878381,0.0024525777501221,0,0,11.209394453876628,100.06224230943796,GBP5;CLEC7A;PLEK;ISG15;GBP2
GO_Biological_Process_2023,Negative Regulation Of Interleukin-2 Production (GO:0032703),3/21,0.00015108790718152863,0.0027030570894195,0,0,34.16151202749141,300.5409826909726,ZFP36;TNFAIP3;GBP1
GO_Biological_Process_2023,Positive Regulation Of Interferon-Alpha Production (GO:0032727),3/21,0.00015108790718152863,0.0027030570894195,0,0,34.16151202749141,300.5409826909726,IFIH1;STAT1;IRF7
GO_Biological_Process_2023,Negative Regulation Of Intracellular Signal Transduction (GO:1902532),7/231,0.0001611838730962225,0.0028393159183873,0,0,6.611559139784946,57.73851308035646,DUSP5;DUSP1;STAT1;PLEK;PLAUR;TNFAIP3;IFI35
GO_Biological_Process_2023,Cellular Response To Interferon-Beta (GO:0035458),3/22,0.00017430999547730406,0.0030240143154774,0,0,32.36190992946283,280.0818212549987,OAS1;STAT1;IRF1
GO_Biological_Process_2023,Chemokine-Mediated Signaling Pathway (GO:0070098),4/57,0.00018964479109883465,0.0032409445643009,0,0,15.602987421383649,133.7231842647315,CXCL8;CCL3L1;CCL4;CCL3
GO_Biological_Process_2023,Positive Regulation Of Type II Interferon Production (GO:0032729),4/58,0.00020291543958828455,0.0034167379165968,0,0,15.313271604938272,130.20447941462302,CLEC7A;ISG15;BTN3A2;HLA-A
GO_Biological_Process_2023,Regulation Of ERK1 And ERK2 Cascade (GO:0070372),7/244,0.0002254394150000306,0.0036678124923673,0,0,6.244771108388911,52.44021000117409,CCL3L1;CCL4;CXCL17;CCL3;APOE;GBP1;ICAM1
GO_Biological_Process_2023,Eosinophil Chemotaxis (GO:0048245),3/24,0.00022743640782365407,0.0036678124923673,0,0,29.276877761413843,245.59318448881905,CCL3L1;CCL4;CCL3
GO_Biological_Process_2023,Eosinophil Migration (GO:0072677),3/24,0.00022743640782365407,0.0036678124923673,0,0,29.276877761413843,245.59318448881905,CCL3L1;CCL4;CCL3
GO_Biological_Process_2023,Positive Regulation Of Programmed Cell Death (GO:0043068),7/245,0.0002311316696911608,0.0036756355805052,0,0,6.218216318785578,52.06215921744629,GBP5;CLEC7A;TNFSF10;PMAIP1;GBP2;GBP1;IFIT2
GO_Biological_Process_2023,ISG15-protein Conjugation (GO:0032020),2/5,0.0002450871709985121,0.0037922271728823,0,0,135.35374149659864,1125.3170126751409,ISG15;UBE2L6
GO_Biological_Process_2023,Regulation Of Keratinocyte Apoptotic Process (GO:1902172),2/5,0.0002450871709985121,0.0037922271728823,0,0,135.35374149659864,1125.3170126751409,ZFP36;SERPINB13
GO_Biological_Process_2023,Positive Regulation Of Hydrolase Activity (GO:0051345),6/176,0.00025651690320235,0.0038796595672434,0,0,7.4080100125156445,61.2517676857547,CCL3L1;RGS1;RASGEF1B;CCL4;CCL3;CTSS
GO_Biological_Process_2023,Positive Regulation Of Release Of Cytochrome C From Mitochondria (GO:0090200),3/25,0.00025751452149389134,0.0038796595672434,0,0,27.944704779756325,230.94718074554484,TNFSF10;PLAUR;PMAIP1
GO_Biological_Process_2023,Positive Regulation Of Apoptotic Signaling Pathway (GO:2001235),4/62,0.00026275328958823654,0.0039071755399809,0,0,14.254310344827584,117.51673990976754,TNFSF10;PMAIP1;G0S2;CTSS
GO_Biological_Process_2023,Positive Regulation Of ERK1 And ERK2 Cascade (GO:0070374),6/179,0.0002809143577916273,0.004123678713736,0,0,7.278440536219407,59.51916152684456,CCL3L1;CCL4;CXCL17;CCL3;APOE;ICAM1
GO_Biological_Process_2023,Regulation Of Interferon-Alpha Production (GO:0032647),3/26,0.0002900493873630044,0.0042038803611473,0,0,26.728372926938597,217.7148751207531,IFIH1;STAT1;IRF7
GO_Biological_Process_2023,Cellular Response To Molecule Of Bacterial Origin (GO:0071219),5/117,0.0003040443771516773,0.0043516351479833,0,0,9.298872180451127,75.30539961191606,ZFP36;CXCL8;TNFAIP3;GBP2;CD68
GO_Biological_Process_2023,Positive Regulation Of Defense Response To Virus By Host (GO:0002230),3/28,0.0003628213719805087,0.004878660842041,0,0,24.587628865979383,194.773359177925,DTX3L;STAT1;PARP9
GO_Biological_Process_2023,Regulation Of Natural Killer Cell Chemotaxis (GO:2000501),2/6,0.0003664321680484968,0.004878660842041,0,0,101.51020408163264,803.1179907171842,CCL4;CCL3
GO_Biological_Process_2023,Regulation Of Natural Killer Cell Cytokine Production (GO:0002727),2/6,0.0003664321680484968,0.004878660842041,0,0,101.51020408163264,803.1179907171842,HLA-F;HLA-E
GO_Biological_Process_2023,Peptide Transport (GO:0015833),2/6,0.0003664321680484968,0.004878660842041,0,0,101.51020408163264,803.1179907171842,TAP2;TAP1
GO_Biological_Process_2023,Positive Regulation Of Natural Killer Cell Cytokine Production (GO:0002729),2/6,0.0003664321680484968,0.004878660842041,0,0,101.51020408163264,803.1179907171842,HLA-F;HLA-E
GO_Biological_Process_2023,Positive Regulation Of Receptor Catabolic Process (GO:2000646),2/6,0.0003664321680484968,0.004878660842041,0,0,101.51020408163264,803.1179907171842,DTX3L;APOE
GO_Biological_Process_2023,Regulation Of Blood Coagulation (GO:0030193),3/29,0.0004032210189685461,0.0053067593875745,0,0,23.64076130055512,184.7767981808264,PLAU;PLAUR;APOE
GO_Biological_Process_2023,Response To Cytokine (GO:0034097),5/125,0.0004124155245610167,0.005366088359345,0,0,8.675438596491228,67.61184992387277,STAT1;MX2;MX1;ISG15;XAF1
GO_Biological_Process_2023,Neutrophil Chemotaxis (GO:0030593),4/70,0.0004188784573037018,0.0053889419507049,0,0,12.521464646464649,97.3910724894486,CXCL8;CCL3L1;CCL4;CCL3
GO_Biological_Process_2023,Positive Regulation Of Interleukin-10 Production (GO:0032733),3/30,0.00044640250260442,0.0056792318386895,0,0,22.764032073310425,175.60833452775756,CLEC7A;ISG15;TIGIT
GO_Biological_Process_2023,Second-Messenger-Mediated Signaling (GO:0019932),4/72,0.0004664238326160949,0.0058687394323673,0,0,12.151960784313726,93.21059230650977,FCGR3A;CXCL8;CCL3;APOE
GO_Biological_Process_2023,Granulocyte Chemotaxis (GO:0071621),4/73,0.0004915838573587474,0.0059983831213385,0,0,11.97524154589372,91.22592932976644,CXCL8;CCL3L1;CCL4;CCL3
GO_Biological_Process_2023,Regulation Of Extrinsic Apoptotic Signaling Pathway Via Death Domain Receptors (GO:1902041),3/31,0.0004924436798304106,0.0059983831213385,0,0,21.949926362297496,167.17350275311443,TNFAIP3;PMAIP1;ICAM1
GO_Biological_Process_2023,Positive Regulation Of Extrinsic Apoptotic Signaling Pathway (GO:2001238),3/31,0.0004924436798304106,0.0059983831213385,0,0,21.949926362297496,167.17350275311443,TNFSF10;PMAIP1;G0S2
GO_Biological_Process_2023,Positive Regulation Of T Cell Mediated Cytotoxicity (GO:0001916),3/33,0.0005934098642840978,0.0071054488111327,0,0,20.484536082474225,152.19242604001315,HLA-A;HLA-F;HLA-E
GO_Biological_Process_2023,Regulation Of Immune Response (GO:0050776),4/77,0.0006019463184977087,0.0071054488111327,0,0,11.316780821917808,83.91780339915707,FCGR3A;RSAD2;IRF1;IRF7
GO_Biological_Process_2023,Neutrophil Migration (GO:1990266),4/77,0.0006019463184977087,0.0071054488111327,0,0,11.316780821917808,83.91780339915707,CXCL8;CCL3L1;CCL4;CCL3
GO_Biological_Process_2023,Proteolysis Involved In Protein Catabolic Process (GO:0051603),4/78,0.0006320694999065338,0.0073848936468671,0,0,11.163288288288287,82.23448822300136,TNFAIP3;PMAIP1;ISG15;CTSS
GO_Biological_Process_2023,"Positive Regulation Of CD8-positive, Alpha-Beta T Cell Activation (GO:2001187)",2/8,0.0006795551666861537,0.0077038679787687,0,0,67.66666666666667,493.5655481733249,HLA-A;HLA-E
GO_Biological_Process_2023,Positive Regulation Of Chromatin Binding (GO:0035563),2/8,0.0006795551666861537,0.0077038679787687,0,0,67.66666666666667,493.5655481733249,DTX3L;PARP9
GO_Biological_Process_2023,"Regulation Of CD8-positive, Alpha-Beta T Cell Proliferation (GO:2000564)",2/8,0.0006795551666861537,0.0077038679787687,0,0,67.66666666666667,493.5655481733249,IRF1;HLA-E
GO_Biological_Process_2023,Macrophage Activation (GO:0042116),3/35,0.0007067159044822667,0.0079332324571783,0,0,19.202319587628867,139.31055899468168,C1QA;FCGR3A;IFI35
GO_Biological_Process_2023,Regulation Of T Cell Mediated Cytotoxicity (GO:0001914),3/36,0.0007681770335999374,0.0085394437230284,0,0,18.619493908153704,133.5295206771706,HLA-A;HLA-F;HLA-E
GO_Biological_Process_2023,Regulation Of Cysteine-Type Endopeptidase Activity Involved In Apoptotic Process (GO:0043281),4/84,0.0008356618925326059,0.0091126939709507,0,0,10.322916666666666,73.16146753439465,CLEC7A;TNFSF10;IFI6;PMAIP1
GO_Biological_Process_2023,Regulation Of Interleukin-1 Beta Production (GO:0032651),4/84,0.0008356618925326059,0.0091126939709507,0,0,10.322916666666666,73.16146753439465,GBP5;CLEC7A;CCL3;TNFAIP3
GO_Biological_Process_2023,Type II Interferon-Mediated Signaling Pathway (GO:0060333),2/9,0.000870867194754317,0.0094070088489971,0,0,57.99708454810496,408.648679561366,STAT1;IRF1
GO_Biological_Process_2023,Negative Regulation Of Epithelial Cell Apoptotic Process (GO:1904036),3/38,0.0009010656627178086,0.0095529646649249,0,0,17.55375552282769,123.08574753825548,SERPINB13;TNFAIP3;ICAM1
GO_Biological_Process_2023,Cellular Response To Type I Interferon (GO:0071357),3/38,0.0009010656627178086,0.0095529646649249,0,0,17.55375552282769,123.08574753825548,STAT1;OAS2;IFIT1
GO_Biological_Process_2023,Regulation Of Type II Interferon Production (GO:0032649),4/87,0.0009530771662039316,0.0100116821587477,0,0,9.948293172690764,69.19848374830829,CLEC7A;ISG15;BTN3A2;HLA-A
GO_Biological_Process_2023,Negative Regulation Of Protein Secretion (GO:0050709),3/39,0.0009726294551664332,0.010032979515005,0,0,17.06529209621993,118.35645919802704,RAB11FIP1;RSAD2;APOE
GO_Biological_Process_2023,Positive Regulation Of Pattern Recognition Receptor Signaling Pathway (GO:0062208),3/39,0.0009726294551664332,0.010032979515005,0,0,17.06529209621993,118.35645919802704,RSAD2;IFI35;DDX60
GO_Biological_Process_2023,Apoptotic Process (GO:0006915),6/228,0.0010044674852711,0.0101780112445619,0,0,5.6578493387004025,39.057818571788616,PPP1R15A;IRF1;MX1;IFI6;PMAIP1;IFIT2
GO_Biological_Process_2023,Cellular Response To Lipid (GO:0071396),6/228,0.0010044674852711,0.0101780112445619,0,0,5.6578493387004025,39.057818571788616,ZFP36;CXCL8;SPP1;TNFAIP3;GBP2;CD68
GO_Biological_Process_2023,Regulation Of Chromatin Binding (GO:0035561),2/10,0.0010850384206118,0.0108032086226137,0,0,50.74489795918368,346.39177176286466,DTX3L;PARP9
GO_Biological_Process_2023,Negative Regulation Of Natural Killer Cell Mediated Immunity (GO:0002716),2/10,0.0010850384206118,0.0108032086226137,0,0,50.74489795918368,346.39177176286466,HLA-F;HLA-E
GO_Biological_Process_2023,Regulation Of Release Of Cytochrome C From Mitochondria (GO:0090199),3/41,0.0011263274602029,0.0110226063413028,0,0,16.16549104720564,109.74417204757296,TNFSF10;PLAUR;PMAIP1
GO_Biological_Process_2023,Lymphocyte Migration (GO:0072676),3/41,0.0011263274602029,0.0110226063413028,0,0,16.16549104720564,109.74417204757296,CCL3L1;CCL4;CCL3
GO_Biological_Process_2023,Monocyte Chemotaxis (GO:0002548),3/42,0.0012085906045389,0.0117274257813314,0,0,15.750198255352895,105.81456304852416,CCL3L1;CCL4;CCL3
GO_Biological_Process_2023,Response To Lipopolysaccharide (GO:0032496),5/159,0.0012229741865367,0.0117672726351641,0,0,6.748462064251538,45.25835520269405,ZFP36;CXCL8;TNFAIP3;GBP2;CD68
GO_Biological_Process_2023,Positive Regulation Of T Cell Mediated Immunity (GO:0002711),3/43,0.0012945471308939,0.0123521372072794,0,0,15.355670103092784,102.10897717127874,HLA-A;HLA-F;HLA-E
GO_Biological_Process_2023,Phospholipid Efflux (GO:0033700),2/11,0.0013218400851343,0.0124057942416293,0,0,45.10430839002267,298.984305122014,APOC1;APOE
GO_Biological_Process_2023,Macrophage Chemotaxis (GO:0048246),2/11,0.0013218400851343,0.0124057942416293,0,0,45.10430839002267,298.984305122014,CCL3;CXCL17
GO_Biological_Process_2023,Positive Regulation Of Cytokine-Mediated Signaling Pathway (GO:0001961),3/44,0.0013842585226956,0.012782064584569,0,0,14.980387226552676,98.60975682160374,NLRC5;PARP14;PARP9
GO_Biological_Process_2023,Lymphocyte Chemotaxis (GO:0048247),3/44,0.0013842585226956,0.012782064584569,0,0,14.980387226552676,98.60975682160374,CCL3L1;CCL4;CCL3
GO_Biological_Process_2023,Regulation Of Interleukin-10 Production (GO:0032653),3/46,0.0015751859953084,0.0140333073032822,0,0,14.282186526012946,92.16840432528492,CLEC7A;ISG15;TIGIT
GO_Biological_Process_2023,Homotypic Cell-Cell Adhesion (GO:0034109),3/46,0.0015751859953084,0.0140333073032822,0,0,14.282186526012946,92.16840432528492,RAP2B;CEACAM5;PLEK
GO_Biological_Process_2023,Regulation Of Chemokine (C-X-C Motif) Ligand 2 Production (GO:2000341),2/12,0.0015810451022911,0.0140333073032822,0,0,40.59183673469388,261.8039188938469,OAS1;OAS3
GO_Biological_Process_2023,Positive Regulation Of Calcium-Mediated Signaling (GO:0050850),2/12,0.0015810451022911,0.0140333073032822,0,0,40.59183673469388,261.8039188938469,CLEC7A;CCL4
GO_Biological_Process_2023,Macrophage Migration (GO:1905517),2/12,0.0015810451022911,0.0140333073032822,0,0,40.59183673469388,261.8039188938469,CCL3;CXCL17
GO_Biological_Process_2023,Antimicrobial Humoral Response (GO:0019730),4/100,0.0015979577835658,0.0140743204783295,0,0,8.59548611111111,55.34658305163635,CXCL8;HLA-A;LYZ;HLA-E
GO_Biological_Process_2023,Regulation Of Wound Healing (GO:0061041),3/47,0.0016765192380744,0.0146535460121776,0,0,13.95688847235239,89.19896993336747,CLEC7A;PLAU;TNFAIP3
GO_Biological_Process_2023,Regulation Of T-helper 17 Type Immune Response (GO:2000316),2/13,0.0018624280503563,0.0161551524065003,0,0,36.89981447124304,231.94759321375395,CLEC7A;JUNB
GO_Biological_Process_2023,Interferon-Mediated Signaling Pathway (GO:0140888),3/49,0.0018912091143729,0.0162814619244888,0,0,13.348722545943524,83.70368414188104,OAS2;STAT1;IRF1
GO_Biological_Process_2023,Negative Regulation Of MAPK Cascade (GO:0043409),4/105,0.001911353052285,0.0163320839169129,0,0,8.167904290429043,51.130622502952,DUSP5;DUSP1;APOE;GBP1
GO_Biological_Process_2023,Negative Regulation Of Cytokine Production (GO:0001818),5/178,0.0020099962021844,0.0170477455666755,0,0,6.001521143900213,37.26718040754737,ZFP36;TNFAIP3;XAF1;TIGIT;GBP1
GO_Biological_Process_2023,Positive Regulation Of Leukocyte Mediated Cytotoxicity (GO:0001912),3/51,0.0021222963043568,0.0178402957427945,0,0,12.791237113402062,78.73334684431502,HLA-A;HLA-F;HLA-E
GO_Biological_Process_2023,Negative Regulation Of Leukocyte Mediated Cytotoxicity (GO:0001911),2/14,0.0021657651600423,0.0178402957427945,0,0,33.82312925170068,207.5042741698455,HLA-F;HLA-E
GO_Biological_Process_2023,Cellular Response To Exogenous dsRNA (GO:0071360),2/14,0.0021657651600423,0.0178402957427945,0,0,33.82312925170068,207.5042741698455,IFIH1;IFIT1
GO_Biological_Process_2023,Endoderm Development (GO:0007492),2/14,0.0021657651600423,0.0178402957427945,0,0,33.82312925170068,207.5042741698455,DUSP5;DUSP1
GO_Biological_Process_2023,Positive Regulation Of Chemokine Production (GO:0032722),3/53,0.0023702048008991,0.0193848892644965,0,0,12.278350515463918,74.219914290735,OAS1;CLEC7A;OAS3
GO_Biological_Process_2023,Negative Regulation Of Macromolecule Metabolic Process (GO:0010605),5/186,0.0024329978042193,0.0197573225945474,0,0,5.733934283221867,34.510435303733495,CXCL8;CCL3;APOE;PARP14;PARP9
GO_Biological_Process_2023,High-Density Lipoprotein Particle Remodeling (GO:0034375),2/15,0.0024908343052083,0.0198832018554658,0,0,31.21978021978022,187.16687708215863,APOC1;APOE
GO_Biological_Process_2023,Negative Regulation Of Protein Ubiquitination (GO:0031397),3/54,0.002500594818504,0.0198832018554658,0,0,12.036992116434202,72.11634792982616,DTX3L;TNFAIP3;ISG15
GO_Biological_Process_2023,Regulation Of Smooth Muscle Cell Proliferation (GO:0048660),3/54,0.002500594818504,0.0198832018554658,0,0,12.036992116434202,72.11634792982616,STAT1;TNFAIP3;APOE
GO_Biological_Process_2023,Regulation Of Fibrinolysis (GO:0051917),2/16,0.0028374149918175,0.0219516227407509,0,0,28.988338192419825,170.01259891772904,PLAU;PLAUR
GO_Biological_Process_2023,Regulation Of Plasminogen Activation (GO:0010755),2/16,0.0028374149918175,0.0219516227407509,0,0,28.988338192419825,170.01259891772904,PLAU;PLAUR
GO_Biological_Process_2023,Regulation Of Response To Cytokine Stimulus (GO:0060759),2/16,0.0028374149918175,0.0219516227407509,0,0,28.988338192419825,170.01259891772904,IFIH1;PARP9
GO_Biological_Process_2023,Negative Regulation Of Chemokine Production (GO:0032682),2/16,0.0028374149918175,0.0219516227407509,0,0,28.988338192419825,170.01259891772904,OAS1;OAS3
GO_Biological_Process_2023,Positive Regulation Of Interleukin-1 Beta Production (GO:0032731),3/57,0.0029180959475417,0.0222941894469986,0,0,11.36655211912944,66.3445636168701,GBP5;CLEC7A;CCL3
GO_Biological_Process_2023,Regulation Of Protein Binding (GO:0043393),4/118,0.0029206361720958,0.0222941894469986,0,0,7.231725146198831,42.204013986909175,DTX3L;IFIT1;B2M;IFIT2
GO_Biological_Process_2023,Response To Organic Cyclic Compound (GO:0014070),3/58,0.0030661973063982,0.0230973415514868,0,0,11.159325210871602,64.58255414819172,CCL3;SPP1;PMAIP1
GO_Biological_Process_2023,Positive Regulation Of Mitochondrion Organization (GO:0010822),3/58,0.0030661973063982,0.0230973415514868,0,0,11.159325210871602,64.58255414819172,TNFSF10;PLAUR;PMAIP1
GO_Biological_Process_2023,NAD Biosynthetic Process (GO:0009435),2/17,0.0032052883489498,0.0233264177421011,0,0,27.05442176870748,155.3722787250682,NAMPT;PARP9
GO_Biological_Process_2023,Cellular Response To dsRNA (GO:0071359),2/17,0.0032052883489498,0.0233264177421011,0,0,27.05442176870748,155.3722787250682,IFIH1;IFIT1
GO_Biological_Process_2023,Positive Regulation Of Alpha-Beta T Cell Proliferation (GO:0046641),2/17,0.0032052883489498,0.0233264177421011,0,0,27.05442176870748,155.3722787250682,HLA-A;HLA-E
GO_Biological_Process_2023,Positive Regulation Of Lymphocyte Chemotaxis (GO:0140131),2/17,0.0032052883489498,0.0233264177421011,0,0,27.05442176870748,155.3722787250682,CCL4;CCL3
GO_Biological_Process_2023,Regulation Of Type I Interferon Production (GO:0032479),3/59,0.0032188419242375,0.0233264177421011,0,0,10.959499263622977,62.89364704662167,IRF1;IRF7;XAF1
GO_Biological_Process_2023,Positive Regulation Of Protein Binding (GO:0032092),3/59,0.0032188419242375,0.0233264177421011,0,0,10.959499263622977,62.89364704662167,DTX3L;APOE;B2M
GO_Biological_Process_2023,Positive Regulation Of Cytokine Production Involved In Inflammatory Response (GO:1900017),2/18,0.003594237117374,0.025403712959218,0,0,25.362244897959183,142.7494556250508,GBP5;CLEC7A
GO_Biological_Process_2023,Positive Regulation Of Macrophage Migration (GO:1905523),2/18,0.003594237117374,0.025403712959218,0,0,25.362244897959183,142.7494556250508,CXCL17;CCL3
GO_Biological_Process_2023,Regulation Of T Cell Cytokine Production (GO:0002724),2/18,0.003594237117374,0.025403712959218,0,0,25.362244897959183,142.7494556250508,HLA-A;HLA-F
GO_Biological_Process_2023,Regulation Of Adaptive Immune Response (GO:0002819),2/18,0.003594237117374,0.025403712959218,0,0,25.362244897959183,142.7494556250508,IRF1;IRF7
GO_Biological_Process_2023,Regulation Of T Cell Activation (GO:0050863),3/62,0.0037044719565665,0.0260222109832433,0,0,10.400663987419186,58.22514848728369,TIGIT;B2M;HLA-DQA1
GO_Biological_Process_2023,Positive Regulation Of Alpha-Beta T Cell Activation (GO:0046635),2/19,0.0040040456388033,0.027451036171844,0,0,23.869147659063625,131.7684366549516,HLA-A;HLA-E
GO_Biological_Process_2023,Superoxide Anion Generation (GO:0042554),2/19,0.0040040456388033,0.027451036171844,0,0,23.869147659063625,131.7684366549516,NCF2;CYBB
GO_Biological_Process_2023,Regulation Of Behavior (GO:0050795),2/19,0.0040040456388033,0.027451036171844,0,0,23.869147659063625,131.7684366549516,CCL3;APOE
GO_Biological_Process_2023,Cellular Response To Virus (GO:0098586),3/64,0.004051724989556,0.027451036171844,0,0,10.058644583403751,55.40917594097984,IFIH1;OAS1;IFI6
GO_Biological_Process_2023,Positive Regulation Of Cysteine-Type Endopeptidase Activity (GO:2001056),3/64,0.004051724989556,0.027451036171844,0,0,10.058644583403751,55.40917594097984,CLEC7A;TNFSF10;PMAIP1
GO_Biological_Process_2023,Positive Regulation Of Interleukin-1 Production (GO:0032732),3/64,0.004051724989556,0.027451036171844,0,0,10.058644583403751,55.40917594097984,GBP5;CLEC7A;CCL3
GO_Biological_Process_2023,Regulation Of GTPase Activity (GO:0043087),5/214,0.0044287415592079,0.0291810478472918,0,0,4.958700579199194,26.87437105346752,CCL3L1;RGS1;RASGEF1B;CCL4;CCL3
GO_Biological_Process_2023,Negative Regulation Of Phosphate Metabolic Process (GO:0045936),2/20,0.004434499847536,0.0291810478472918,0,0,22.54195011337869,122.13995997533476,CDKN2A;PLEK
GO_Biological_Process_2023,T Cell Mediated Immunity (GO:0002456),2/20,0.004434499847536,0.0291810478472918,0,0,22.54195011337869,122.13995997533476,BTN3A2;HLA-A
GO_Biological_Process_2023,Regulation Of Toll-Like Receptor Signaling Pathway (GO:0034121),2/20,0.004434499847536,0.0291810478472918,0,0,22.54195011337869,122.13995997533476,IRF1;IRF7
GO_Biological_Process_2023,Response To Fibroblast Growth Factor (GO:0071774),2/20,0.004434499847536,0.0291810478472918,0,0,22.54195011337869,122.13995997533476,ZFP36;CXCL8
GO_Biological_Process_2023,Positive Regulation Of MAPK Cascade (GO:0043410),6/310,0.0046593901515822,0.0304857241346383,0,0,4.114501679731243,22.090227547016333,CCL3L1;CCL4;CXCL17;CCL3;APOE;ICAM1
GO_Biological_Process_2023,Positive Regulation Of T Cell Cytokine Production (GO:0002726),2/21,0.0048853872583166,0.0316032113602972,0,0,21.354457572502685,113.63788950907964,RSAD2;HLA-A
GO_Biological_Process_2023,Positive Regulation Of Natural Killer Cell Mediated Cytotoxicity (GO:0045954),2/21,0.0048853872583166,0.0316032113602972,0,0,21.354457572502685,113.63788950907964,HLA-F;HLA-E
GO_Biological_Process_2023,Regulation Of Cell Population Proliferation (GO:0042127),10/766,0.0049761335421282,0.0320093983468362,0,0,2.813639035861258,14.921015042186536,CXCL8;CCL3L1;CLEC7A;STAT1;CDKN2A;IRF1;NAMPT;IFI35;JUNB;IFIT3
GO_Biological_Process_2023,Negative Regulation Of Epithelial Cell Proliferation (GO:0050680),3/70,0.0052097235794995,0.0331396305473723,0,0,9.155100784736112,48.13045658628783,STAT1;APOE;B2M
GO_Biological_Process_2023,Negative Regulation Of Extrinsic Apoptotic Signaling Pathway (GO:2001237),3/70,0.0052097235794995,0.0331396305473723,0,0,9.155100784736112,48.13045658628783,IFI6;TNFAIP3;ICAM1
GO_Biological_Process_2023,Positive Regulation Of Phosphatase Activity (GO:0010922),2/22,0.0053564969577325,0.0336988407505703,0,0,20.285714285714285,106.08302856731788,PPP1R15A;PLEK
GO_Biological_Process_2023,Negative Regulation Of G Protein-Coupled Receptor Signaling Pathway (GO:0045744),2/22,0.0053564969577325,0.0336988407505703,0,0,20.285714285714285,106.08302856731788,CXCL8;PLEK
GO_Biological_Process_2023,Negative Regulation Of Protein Binding (GO:0032091),3/71,0.0054200564280536,0.033912374918696,0,0,9.020012128562763,47.06325773617709,IFIT1;B2M;IFIT2
GO_Biological_Process_2023,Negative Regulation Of Extrinsic Apoptotic Signaling Pathway Via Death Domain Receptors (GO:1902042),2/23,0.0058476195920622,0.0358049434915043,0,0,19.318756073858115,99.33164622370634,TNFAIP3;ICAM1
GO_Biological_Process_2023,Negative Regulation Of Lymphocyte Activation (GO:0051250),2/23,0.0058476195920622,0.0358049434915043,0,0,19.318756073858115,99.33164622370634,TNFAIP3;TIGIT
GO_Biological_Process_2023,Regulation Of Toll-Like Receptor 4 Signaling Pathway (GO:0034143),2/23,0.0058476195920622,0.0358049434915043,0,0,19.318756073858115,99.33164622370634,TNFAIP3;IFI35
GO_Biological_Process_2023,Cholesterol Efflux (GO:0033344),2/23,0.0058476195920622,0.0358049434915043,0,0,19.318756073858115,99.33164622370634,APOC1;APOE
GO_Biological_Process_2023,Regulation Of Cell Adhesion (GO:0030155),4/144,0.0059254727892939,0.036088650764583,0,0,5.880952380952381,30.160433701721548,CXCL8;PLAU;DUSP1;PLAUR
GO_Biological_Process_2023,Regulation Of I-kappaB kinase/NF-kappaB Signaling (GO:0043122),5/232,0.006205846332581,0.0375962648190759,0,0,4.561326223046604,23.1818616580654,CLEC7A;STAT1;TNFSF10;TNFAIP3;APOL2
GO_Biological_Process_2023,Positive Regulation Of Natural Killer Cell Mediated Immunity (GO:0002717),2/24,0.0063585473607634,0.0383186143582849,0,0,18.43970315398887,93.26719485343038,HLA-F;HLA-E
GO_Biological_Process_2023,Positive Regulation Of GTPase Activity (GO:0043547),5/234,0.0064301765983169,0.0385473937438373,0,0,4.521029648356699,22.81652119038172,CCL3L1;RGS1;RASGEF1B;CCL4;CCL3
GO_Biological_Process_2023,Positive Regulation Of Nucleic Acid-Templated Transcription (GO:1903508),8/557,0.0068197002360189,0.0402448455777567,0,0,3.0650194028668727,15.28813215011229,DTX3L;STAT1;IRF1;IRF7;SPP1;APOE;FOS;PARP9
GO_Biological_Process_2023,Negative Regulation Of Gene Expression (GO:0010629),6/336,0.0068396057781189,0.0402448455777567,0,0,3.7852998065764014,18.869814863965747,ZFP36;CXCL8;CCL3;APOE;PARP14;PARP9
GO_Biological_Process_2023,Negative Regulation Of Protein Transport (GO:0051224),2/25,0.0068890740028299,0.0402448455777567,0,0,17.637089618456077,87.79423275712823,RSAD2;APOE
GO_Biological_Process_2023,Regulation Of Monocyte Chemotaxis (GO:0090025),2/25,0.0068890740028299,0.0402448455777567,0,0,17.637089618456077,87.79423275712823,DUSP1;CXCL17
GO_Biological_Process_2023,Regulation Of Protein Processing (GO:0070613),2/25,0.0068890740028299,0.0402448455777567,0,0,17.637089618456077,87.79423275712823,PLAU;PLAUR
GO_Biological_Process_2023,Regulation Of Inflammatory Response (GO:0050727),5/240,0.0071373200222398,0.0414834082510894,0,0,4.404255319148936,21.7676704141288,CXCL17;CCL3;TNFAIP3;IFI35;APOE
GO_Biological_Process_2023,Positive Regulation Of Endocytosis (GO:0045807),3/79,0.0072868662544485,0.0421386962694123,0,0,8.067281606077048,39.70459220465128,CLEC7A;APOE;B2M
GO_Biological_Process_2023,Negative Regulation Of Endothelial Cell Apoptotic Process (GO:2000352),2/26,0.0074389947886241,0.0421665793711613,0,0,16.901360544217688,82.83389842043363,TNFAIP3;ICAM1
GO_Biological_Process_2023,Antigen Processing And Presentation Of Exogenous Peptide Antigen Via MHC Class II (GO:0019886),2/26,0.0074389947886241,0.0421665793711613,0,0,16.901360544217688,82.83389842043363,CTSS;HLA-DQA1
GO_Biological_Process_2023,Response To Glucocorticoid (GO:0051384),2/26,0.0074389947886241,0.0421665793711613,0,0,16.901360544217688,82.83389842043363,IL1RN;ZFP36
GO_Biological_Process_2023,Negative Regulation Of Catalytic Activity (GO:0043086),2/26,0.0074389947886241,0.0421665793711613,0,0,16.901360544217688,82.83389842043363,IFIT1;PARP9
GO_Biological_Process_2023,Negative Regulation Of Protein Serine/Threonine Kinase Activity (GO:0071901),3/80,0.0075436735898985,0.0423407169629112,0,0,7.96211005489356,38.91119811203056,DUSP1;CDKN2A;APOE
GO_Biological_Process_2023,Positive Regulation Of Immune Response (GO:0050778),3/80,0.0075436735898985,0.0423407169629112,0,0,7.96211005489356,38.91119811203056,GBP5;RSAD2;IFI35
GO_Biological_Process_2023,Positive Regulation Of Response To External Stimulus (GO:0032103),4/155,0.0076537056916765,0.0427487464242424,0,0,5.449503311258278,26.553060978024,GBP5;PLAU;CCL3;IFI35
GO_Biological_Process_2023,Negative Regulation Of NF-kappaB Transcription Factor Activity (GO:0032088),3/81,0.007805783179295,0.0433865133023926,0,0,7.859635210150674,38.141948154855065,CDKN2A;NLRC5;TNFAIP3
GO_Biological_Process_2023,Antigen Processing And Presentation Of Peptide Antigen Via MHC Class II (GO:0002495),2/28,0.008596207471144,0.047094055284497,0,0,15.599686028257455,74.19887958363982,CTSS;HLA-DQA1
GO_Biological_Process_2023,Establishment Of Endothelial Barrier (GO:0061028),2/28,0.008596207471144,0.047094055284497,0,0,15.599686028257455,74.19887958363982,RAP2B;ICAM1
GO_Biological_Process_2023,Regulation Of Bone Resorption (GO:0045124),2/28,0.008596207471144,0.047094055284497,0,0,15.599686028257455,74.19887958363982,SPP1;TNFAIP3
GO_Biological_Process_2023,Calcium-Mediated Signaling (GO:0019722),3/85,0.008907727513708,0.0485683238247415,0,0,7.474729695750566,35.28697392743489,FCGR3A;CXCL8;CCL3
GO_Biological_Process_2023,Peptidyl-Tyrosine Dephosphorylation (GO:0035335),2/29,0.0092030974751143,0.0494720498075396,0,0,15.02116402116402,70.4224490277819,DUSP5;DUSP1
GO_Biological_Process_2023,Positive Regulation Of Calcium Ion Transport (GO:0051928),2/29,0.0092030974751143,0.0494720498075396,0,0,15.02116402116402,70.4224490277819,CCL4;CCL3
GO_Biological_Process_2023,Integrated Stress Response Signaling (GO:0140467),2/29,0.0092030974751143,0.0494720498075396,0,0,15.02116402116402,70.4224490277819,FOS;JUNB
GO_Biological_Process_2023,Negative Regulation Of Blood Coagulation (GO:0030195),2/30,0.0098285778207101,0.0525874841341734,0,0,14.48396501457726,66.95156387938638,PLAU;APOE
GO_Biological_Process_2023,Regulation Of Cytokine Production (GO:0001817),4/167,0.0098854863528957,0.0526459622049564,0,0,5.045245398773006,23.292321984827154,IFIH1;IRF7;ISG15;BTN3A2
GO_Biological_Process_2023,Regulation Of RNA Metabolic Process (GO:0051252),3/91,0.0107235720485245,0.0568448610905582,0,0,6.9629803186504216,31.57928099076808,OAS1;OAS2;OAS3
GO_Biological_Process_2023,Regulation Of Natural Killer Cell Mediated Cytotoxicity (GO:0042269),2/32,0.0111345221222248,0.0587512803223386,0,0,13.517006802721088,60.79550767481704,HLA-F;HLA-E
GO_Biological_Process_2023,Positive Regulation Of Apoptotic Process (GO:0043065),5/270,0.0115014684962094,0.0604090891199993,0,0,3.899702085402185,17.413263897865516,TNFSF10;CCL3;PMAIP1;CTSS;IFIT2
GO_Biological_Process_2023,Positive Regulation Of Small Molecule Metabolic Process (GO:0062013),2/33,0.0118145960439167,0.0617703765766424,0,0,13.08031599736669,58.0559303610333,PMAIP1;APOE
GO_Biological_Process_2023,Regulation Of Protein Metabolic Process (GO:0051246),3/96,0.0123887403730049,0.0639588832905947,0,0,6.58696375124709,28.92314213052681,SERPINB13;PLAUR;APOE
GO_Biological_Process_2023,DNA Damage Checkpoint Signaling (GO:0000077),2/34,0.0125124802245355,0.0639588832905947,0,0,12.67091836734694,55.51165721021778,DTX3L;PARP9
GO_Biological_Process_2023,Apoptotic Mitochondrial Changes (GO:0008637),2/34,0.0125124802245355,0.0639588832905947,0,0,12.67091836734694,55.51165721021778,IFI6;IFIT2
GO_Biological_Process_2023,Superoxide Metabolic Process (GO:0006801),2/34,0.0125124802245355,0.0639588832905947,0,0,12.67091836734694,55.51165721021778,NCF2;CYBB
GO_Biological_Process_2023,Positive Regulation Of Neuron Death (GO:1901216),2/34,0.0125124802245355,0.0639588832905947,0,0,12.67091836734694,55.51165721021778,C1QA;CCL3
GO_Biological_Process_2023,MAPK Cascade (GO:0000165),3/98,0.0130939766052085,0.0664300037137033,0,0,6.447639717851329,27.954405817650997,DUSP5;ZFP36;CCL3
GO_Biological_Process_2023,Platelet Aggregation (GO:0070527),2/35,0.0132279832722483,0.0664300037137033,0,0,12.286332714904145,53.14355844722063,RAP2B;PLEK
GO_Biological_Process_2023,Response To Exogenous dsRNA (GO:0043330),2/35,0.0132279832722483,0.0664300037137033,0,0,12.286332714904145,53.14355844722063,IFIH1;IFIT1
GO_Biological_Process_2023,Endoderm Formation (GO:0001706),2/35,0.0132279832722483,0.0664300037137033,0,0,12.286332714904145,53.14355844722063,DUSP5;DUSP1
GO_Biological_Process_2023,Regulation Of Erythrocyte Differentiation (GO:0045646),2/36,0.0139609152364795,0.0698045761823978,0,0,11.92436974789916,50.93486932982207,ZFP36;STAT1
GO_Biological_Process_2023,Protein Catabolic Process (GO:0030163),3/102,0.0145721785315227,0.0719837405472481,0,0,6.185879412683536,26.15786422245009,PMAIP1;APOE;CTSS
GO_Biological_Process_2023,Negative Regulation Of Endothelial Cell Proliferation (GO:0001937),2/37,0.0147110875878218,0.0719837405472481,0,0,11.583090379008746,48.87083992538764,STAT1;APOE
GO_Biological_Process_2023,Negative Regulation Of Smooth Muscle Cell Proliferation (GO:0048662),2/37,0.0147110875878218,0.0719837405472481,0,0,11.583090379008746,48.87083992538764,TNFAIP3;APOE
GO_Biological_Process_2023,Negative Regulation Of Transferase Activity (GO:0051348),2/37,0.0147110875878218,0.0719837405472481,0,0,11.583090379008746,48.87083992538764,ZFP36;DTX3L
GO_Biological_Process_2023,Type I Interferon-Mediated Signaling Pathway (GO:0060337),2/37,0.0147110875878218,0.0719837405472481,0,0,11.583090379008746,48.87083992538764,STAT1;OAS2
GO_Biological_Process_2023,Intrinsic Apoptotic Signaling Pathway (GO:0097193),3/105,0.0157404409875109,0.076692786939149,0,0,6.003032140691328,24.92172011518436,PPP1R15A;IFI6;PMAIP1
GO_Biological_Process_2023,Regulation Of Receptor-Mediated Endocytosis (GO:0048259),2/39,0.0162624064321538,0.0776089253855206,0,0,10.955874241588528,45.126141525786544,APOC1;B2M
GO_Biological_Process_2023,Retina Homeostasis (GO:0001895),2/39,0.0162624064321538,0.0776089253855206,0,0,10.955874241588528,45.126141525786544,LYZ;B2M
GO_Biological_Process_2023,Negative Regulation Of Cell-Substrate Adhesion (GO:0010812),2/39,0.0162624064321538,0.0776089253855206,0,0,10.955874241588528,45.126141525786544,CDKN2A;GBP1
GO_Biological_Process_2023,Positive Regulation Of Intracellular Signal Transduction (GO:1902533),7/525,0.0162641784016644,0.0776089253855206,0,0,2.816332461493752,11.599882636978435,CLEC7A;CCL4;TNFSF10;CCL3;PMAIP1;IFI35;APOL2
GO_Biological_Process_2023,Cellular Response To Oxygen-Containing Compound (GO:1901701),6/406,0.016267373006572,0.0776089253855206,0,0,3.1117021276595747,12.815837193730037,ZFP36;CXCL8;TNFAIP3;FOS;GBP2;CD68
GO_Biological_Process_2023,Positive Regulation Of T Cell Activation (GO:0050870),3/107,0.0165478094013241,0.078619260433677,0,0,5.886994448850119,24.14551684724853,HLA-A;B2M;HLA-DQA1
GO_Biological_Process_2023,Regulation Of Cell Cycle (GO:0051726),5/298,0.0169621683110309,0.0800710837507808,0,0,3.5220046703790198,14.35840230476085,PPP1R15A;CDKN2A;IRF1;MX2;JUNB
GO_Biological_Process_2023,Negative Regulation Of Secretion By Cell (GO:1903531),2/40,0.0170631829128301,0.0800710837507808,0,0,10.66702470461869,43.42366746060685,RSAD2;APOE
GO_Biological_Process_2023,Positive Regulation Of Monoatomic Ion Transport (GO:0043270),2/40,0.0170631829128301,0.0800710837507808,0,0,10.66702470461869,43.42366746060685,CCL4;CCL3
GO_Biological_Process_2023,Positive Regulation Of Cysteine-Type Endopeptidase Activity Involved In Apoptotic Process (GO:0043280),3/109,0.0173780716412013,0.0812158858333697,0,0,5.775335537833106,23.404813614286443,CLEC7A;TNFSF10;PMAIP1
GO_Biological_Process_2023,Acylglycerol Metabolic Process (GO:0006639),2/41,0.0178804597481127,0.0828871514639234,0,0,10.392987964416536,41.82186992516352,APOC1;APOE
GO_Biological_Process_2023,Positive Regulation Of Response To Biotic Stimulus (GO:0002833),2/41,0.0178804597481127,0.0828871514639234,0,0,10.392987964416536,41.82186992516352,GBP5;IFI35
GO_Biological_Process_2023,Negative Regulation Of Cellular Process (GO:0048523),7/537,0.0181760206276212,0.0834992602763994,0,0,2.7508622438628527,11.02449885272372,CXCL8;CCL3L1;DUSP1;CDKN2A;IRF1;IFI35;IFIT3
GO_Biological_Process_2023,Negative Regulation Of Inflammatory Response (GO:0050728),3/111,0.0182312795363317,0.0834992602763994,0,0,5.6678121420389465,22.69741404703137,CXCL17;TNFAIP3;APOE
GO_Biological_Process_2023,Cytoskeleton Organization (GO:0007010),3/111,0.0182312795363317,0.0834992602763994,0,0,5.6678121420389465,22.69741404703137,CCL3;TNFAIP3;APOE
GO_Biological_Process_2023,Negative Regulation Of Defense Response (GO:0031348),3/112,0.0186665018739365,0.084360604067345,0,0,5.615530123900501,22.35556415568353,CXCL17;TNFAIP3;APOE
GO_Biological_Process_2023,DNA Integrity Checkpoint Signaling (GO:0031570),2/42,0.0187140554000922,0.084360604067345,0,0,10.13265306122449,40.31256172341721,DTX3L;PARP9
GO_Biological_Process_2023,Modulation By Host Of Symbiont Process (GO:0051851),2/42,0.0187140554000922,0.084360604067345,0,0,10.13265306122449,40.31256172341721,CCL4;CCL3
GO_Biological_Process_2023,Negative Regulation Of I-kappaB kinase/NF-kappaB Signaling (GO:0043124),2/42,0.0187140554000922,0.084360604067345,0,0,10.13265306122449,40.31256172341721,STAT1;TNFAIP3
GO_Biological_Process_2023,Positive Regulation Of Cellular Component Organization (GO:0051130),3/113,0.0191074760635156,0.0857963140891191,0,0,5.564198687910028,22.021293400586597,PPP1R15A;CLEC7A;APOE
GO_Biological_Process_2023,Regulation Of Interleukin-6 Production (GO:0032675),3/114,0.0195542061325188,0.0871616311946441,0,0,5.513792142658122,21.694372855325803,IFIH1;CLEC7A;TNFAIP3
GO_Biological_Process_2023,Regulation Of Endothelial Cell Apoptotic Process (GO:2000351),2/43,0.0195637897091908,0.0871616311946441,0,0,9.885017421602788,38.888398778373954,TNFAIP3;ICAM1
GO_Biological_Process_2023,Positive Regulation Of Biosynthetic Process (GO:0009891),2/44,0.0204294838615153,0.0906657326412211,0,0,9.649173955296405,37.54277574025534,CXCL8;APOE
GO_Biological_Process_2023,Positive Regulation Of DNA-templated Transcription (GO:0045893),12/1243,0.0211348015579247,0.0934337752271189,0,0,2.068052581050144,7.976135992865762,ZEB2;DTX3L;STAT1;IRF1;NAMPT;IRF7;NLRC5;SPP1;APOE;FOS;PARP9;JUNB
GO_Biological_Process_2023,Triglyceride Metabolic Process (GO:0006641),2/45,0.0213109604144821,0.093850191056085,0,0,9.424299952539156,36.26973658038426,APOC1;APOE
GO_Biological_Process_2023,Regulation Of Cytokine Production Involved In Inflammatory Response (GO:1900015),2/46,0.0222080432575084,0.096671995797434,0,0,9.20964749536178,35.063897787087264,GBP5;CLEC7A
GO_Biological_Process_2023,Regulation Of Epidermal Growth Factor Receptor Signaling Pathway (GO:0042058),2/46,0.0222080432575084,0.096671995797434,0,0,9.20964749536178,35.063897787087264,IFI6;PLAUR
GO_Biological_Process_2023,Epithelial Cell Migration (GO:0010631),2/46,0.0222080432575084,0.096671995797434,0,0,9.20964749536178,35.063897787087264,ZEB2;STAT1
GO_Biological_Process_2023,Secondary Alcohol Metabolic Process (GO:1902652),2/47,0.0231205576171507,0.096671995797434,0,0,9.004535147392291,33.92038210413699,APOE;APOL2
GO_Biological_Process_2023,Positive Regulation Of Lymphocyte Activation (GO:0051251),2/47,0.0231205576171507,0.096671995797434,0,0,9.004535147392291,33.92038210413699,CLEC7A;HLA-DQA1
GO_Biological_Process_2023,Regulation Of Intrinsic Apoptotic Signaling Pathway (GO:2001242),2/48,0.0240483300532171,0.096671995797434,0,0,8.808340727595386,32.83476119194659,PLAUR;PMAIP1
GO_Biological_Process_2023,Positive Regulation Of Defense Response (GO:0031349),3/124,0.0243385983169026,0.096671995797434,0,0,5.055550822186248,18.78486863700217,GBP5;CCL3;IFI35
GO_Biological_Process_2023,Protein Dephosphorylation (GO:0006470),3/124,0.0243385983169026,0.096671995797434,0,0,5.055550822186248,18.78486863700217,PPP1R15A;DUSP5;DUSP1
GO_Biological_Process_2023,Negative Regulation Of Erythrocyte Differentiation (GO:0045647),1/5,0.0247535287182936,0.096671995797434,0,0,50.24242424242424,185.83603697375267,ZFP36
GO_Biological_Process_2023,"CD4-positive, Alpha-Beta T Cell Activation (GO:0035710)",1/5,0.0247535287182936,0.096671995797434,0,0,50.24242424242424,185.83603697375267,RSAD2
GO_Biological_Process_2023,Negative Regulation Of Lipoprotein Lipase Activity (GO:0051005),1/5,0.0247535287182936,0.096671995797434,0,0,50.24242424242424,185.83603697375267,APOC1
GO_Biological_Process_2023,Negative Regulation Of Meiotic Cell Cycle (GO:0051447),1/5,0.0247535287182936,0.096671995797434,0,0,50.24242424242424,185.83603697375267,DUSP1
GO_Biological_Process_2023,Negative Regulation Of Monocyte Chemotaxis (GO:0090027),1/5,0.0247535287182936,0.096671995797434,0,0,50.24242424242424,185.83603697375267,DUSP1
GO_Biological_Process_2023,Negative Regulation Of Myeloid Cell Apoptotic Process (GO:0033033),1/5,0.0247535287182936,0.096671995797434,0,0,50.24242424242424,185.83603697375267,IRF7
GO_Biological_Process_2023,Regulation Of Interleukin-1-Mediated Signaling Pathway (GO:2000659),1/5,0.0247535287182936,0.096671995797434,0,0,50.24242424242424,185.83603697375267,IL1RN
GO_Biological_Process_2023,Regulation Of Macrophage Apoptotic Process (GO:2000109),1/5,0.0247535287182936,0.096671995797434,0,0,50.24242424242424,185.83603697375267,IRF7
GO_Biological_Process_2023,Negative Regulation Of Toll-Like Receptor 2 Signaling Pathway (GO:0034136),1/5,0.0247535287182936,0.096671995797434,0,0,50.24242424242424,185.83603697375267,TNFAIP3
GO_Biological_Process_2023,Regulation Of Mitotic Spindle Checkpoint (GO:1903504),1/5,0.0247535287182936,0.096671995797434,0,0,50.24242424242424,185.83603697375267,DUSP1
GO_Biological_Process_2023,"Nucleotide-Binding Domain, Leucine Rich Repeat Containing Receptor Signaling Pathway (GO:0035872)",1/5,0.0247535287182936,0.096671995797434,0,0,50.24242424242424,185.83603697375267,TNFAIP3
GO_Biological_Process_2023,Cellular Response To Granulocyte Macrophage Colony-Stimulating Factor Stimulus (GO:0097011),1/5,0.0247535287182936,0.096671995797434,0,0,50.24242424242424,185.83603697375267,ZFP36
GO_Biological_Process_2023,Regulation Of Transmission Of Nerve Impulse (GO:0051969),1/5,0.0247535287182936,0.096671995797434,0,0,50.24242424242424,185.83603697375267,TYMP
GO_Biological_Process_2023,Response To Granulocyte Macrophage Colony-Stimulating Factor (GO:0097012),1/5,0.0247535287182936,0.096671995797434,0,0,50.24242424242424,185.83603697375267,ZFP36
GO_Biological_Process_2023,Response To Testosterone (GO:0033574),1/5,0.0247535287182936,0.096671995797434,0,0,50.24242424242424,185.83603697375267,SPP1
GO_Biological_Process_2023,Positive Regulation Of Extrinsic Apoptotic Signaling Pathway Via Death Domain Receptors (GO:1902043),1/5,0.0247535287182936,0.096671995797434,0,0,50.24242424242424,185.83603697375267,PMAIP1
GO_Biological_Process_2023,Positive Regulation Of Interleukin-18 Production (GO:0032741),1/5,0.0247535287182936,0.096671995797434,0,0,50.24242424242424,185.83603697375267,GBP5
GO_Biological_Process_2023,Positive Regulation Of Receptor Binding (GO:1900122),1/5,0.0247535287182936,0.096671995797434,0,0,50.24242424242424,185.83603697375267,B2M
GO_Biological_Process_2023,Positive Regulation Of Toll-Like Receptor 7 Signaling Pathway (GO:0034157),1/5,0.0247535287182936,0.096671995797434,0,0,50.24242424242424,185.83603697375267,RSAD2
GO_Biological_Process_2023,Lipoprotein Metabolic Process (GO:0042157),1/5,0.0247535287182936,0.096671995797434,0,0,50.24242424242424,185.83603697375267,APOE
GO_Biological_Process_2023,Protection From Natural Killer Cell Mediated Cytotoxicity (GO:0042270),1/5,0.0247535287182936,0.096671995797434,0,0,50.24242424242424,185.83603697375267,HLA-E
GO_Biological_Process_2023,Mesenchymal Cell Differentiation Involved In Kidney Development (GO:0072161),1/5,0.0247535287182936,0.096671995797434,0,0,50.24242424242424,185.83603697375267,STAT1
GO_Biological_Process_2023,Natural Killer Cell Degranulation (GO:0043320),1/5,0.0247535287182936,0.096671995797434,0,0,50.24242424242424,185.83603697375267,FCGR3A
GO_Biological_Process_2023,Negative Regulation Of PERK-mediated Unfolded Protein Response (GO:1903898),1/5,0.0247535287182936,0.096671995797434,0,0,50.24242424242424,185.83603697375267,PPP1R15A
GO_Biological_Process_2023,Regulation Of Apoptotic Process (GO:0042981),8/705,0.0249639993971266,0.096671995797434,0,0,2.395733266795584,8.841023625463304,STAT1;CEACAM5;TNFSF10;PLAUR;IFI6;PMAIP1;IFIT3;IFIT2
GO_Biological_Process_2023,Antibacterial Humoral Response (GO:0019731),2/49,0.0249911884332231,0.096671995797434,0,0,8.620495006513243,31.803005852102093,HLA-A;HLA-E
GO_Biological_Process_2023,Heterophilic Cell-Cell Adhesion Via Plasma Membrane Cell Adhesion Molecules (GO:0007157),2/49,0.0249911884332231,0.096671995797434,0,0,8.620495006513243,31.803005852102093,CEACAM5;ICAM1
GO_Biological_Process_2023,Negative Regulation Of Cysteine-Type Endopeptidase Activity Involved In Apoptotic Process (GO:0043154),2/49,0.0249911884332231,0.096671995797434,0,0,8.620495006513243,31.803005852102093,PLAUR;IFI6
GO_Biological_Process_2023,Regulation Of Interleukin-12 Production (GO:0032655),2/50,0.025948961945953,0.1000389273673949,0,0,8.44047619047619,30.82144266223132,CLEC7A;TIGIT
GO_Biological_Process_2023,Cholesterol Transport (GO:0030301),2/51,0.0269214810715392,0.1027503194230414,0,0,8.26780508121616,29.886716110404755,APOC1;APOE
GO_Biological_Process_2023,Regulated Exocytosis (GO:0045055),2/51,0.0269214810715392,0.1027503194230414,0,0,8.26780508121616,29.886716110404755,RAB11FIP1;PLEK
GO_Biological_Process_2023,Negative Regulation Of MAP Kinase Activity (GO:0043407),2/51,0.0269214810715392,0.1027503194230414,0,0,8.26780508121616,29.886716110404755,DUSP1;APOE
GO_Biological_Process_2023,Regulation Of Protein Localization To Nucleus (GO:1900180),2/52,0.0279085775805053,0.1028104638987925,0,0,8.10204081632653,28.995755414400413,DTX3L;PARP9
GO_Biological_Process_2023,Regulation Of Proteolysis (GO:0030162),2/52,0.0279085775805053,0.1028104638987925,0,0,8.10204081632653,28.995755414400413,SERPINB13;PLAUR
GO_Biological_Process_2023,Protein Homotetramerization (GO:0051289),2/53,0.0289100845392208,0.1028104638987925,0,0,7.942777110844338,28.14574537420548,GBP5;B2M
GO_Biological_Process_2023,Regulation Of Digestive System Process (GO:0044058),1/6,0.0296309633944118,0.1028104638987925,0,0,40.19191919191919,141.432767389918,TYMP
GO_Biological_Process_2023,Regulation Of Entry Of Bacterium Into Host Cell (GO:2000535),1/6,0.0296309633944118,0.1028104638987925,0,0,40.19191919191919,141.432767389918,CXCL8
GO_Biological_Process_2023,RIG-I Signaling Pathway (GO:0039529),1/6,0.0296309633944118,0.1028104638987925,0,0,40.19191919191919,141.432767389918,OAS3
GO_Biological_Process_2023,Negative Regulation Of p38MAPK Cascade (GO:1903753),1/6,0.0296309633944118,0.1028104638987925,0,0,40.19191919191919,141.432767389918,DUSP1
GO_Biological_Process_2023,Negative Regulation Of Plasminogen Activation (GO:0010757),1/6,0.0296309633944118,0.1028104638987925,0,0,40.19191919191919,141.432767389918,PLAU
GO_Biological_Process_2023,Regulation Of Inositol Phosphate Biosynthetic Process (GO:0010919),1/6,0.0296309633944118,0.1028104638987925,0,0,40.19191919191919,141.432767389918,PLEK
GO_Biological_Process_2023,Negative Regulation Of Response To Type II Interferon (GO:0060331),1/6,0.0296309633944118,0.1028104638987925,0,0,40.19191919191919,141.432767389918,PARP14
GO_Biological_Process_2023,Negative Regulation Of Type II Interferon-Mediated Signaling Pathway (GO:0060336),1/6,0.0296309633944118,0.1028104638987925,0,0,40.19191919191919,141.432767389918,PARP14
GO_Biological_Process_2023,Antigen Processing And Presentation Of Exogenous Peptide Antigen Via MHC Class I (GO:0042590),1/6,0.0296309633944118,0.1028104638987925,0,0,40.19191919191919,141.432767389918,HLA-A
GO_Biological_Process_2023,Regulation Of Nucleotide-Binding Oligomerization Domain Containing 2 Signaling Pathway (GO:0070432),1/6,0.0296309633944118,0.1028104638987925,0,0,40.19191919191919,141.432767389918,SLC15A3
GO_Biological_Process_2023,"Nuclear-Transcribed mRNA Catabolic Process, Deadenylation-Independent Decay (GO:0031086)",1/6,0.0296309633944118,0.1028104638987925,0,0,40.19191919191919,141.432767389918,ZFP36
GO_Biological_Process_2023,Cellular Response To Interleukin-9 (GO:0071355),1/6,0.0296309633944118,0.1028104638987925,0,0,40.19191919191919,141.432767389918,STAT1
GO_Biological_Process_2023,Regulation Of Toll-Like Receptor 7 Signaling Pathway (GO:0034155),1/6,0.0296309633944118,0.1028104638987925,0,0,40.19191919191919,141.432767389918,RSAD2
GO_Biological_Process_2023,Cholesterol Catabolic Process (GO:0006707),1/6,0.0296309633944118,0.1028104638987925,0,0,40.19191919191919,141.432767389918,APOE
GO_Biological_Process_2023,Positive Regulation Of Amyloid-Beta Clearance (GO:1900223),1/6,0.0296309633944118,0.1028104638987925,0,0,40.19191919191919,141.432767389918,APOE
GO_Biological_Process_2023,Positive Regulation Of Endoplasmic Reticulum Stress-Induced Intrinsic Apoptotic Signaling Pathway (GO:1902237),1/6,0.0296309633944118,0.1028104638987925,0,0,40.19191919191919,141.432767389918,PMAIP1
GO_Biological_Process_2023,Sterol Catabolic Process (GO:0016127),1/6,0.0296309633944118,0.1028104638987925,0,0,40.19191919191919,141.432767389918,APOE
GO_Biological_Process_2023,Toll-Like Receptor 3 Signaling Pathway (GO:0034138),1/6,0.0296309633944118,0.1028104638987925,0,0,40.19191919191919,141.432767389918,OAS1
GO_Biological_Process_2023,Interleukin-9-Mediated Signaling Pathway (GO:0038113),1/6,0.0296309633944118,0.1028104638987925,0,0,40.19191919191919,141.432767389918,STAT1
GO_Biological_Process_2023,Positive Regulation Of Steroid Metabolic Process (GO:0045940),1/6,0.0296309633944118,0.1028104638987925,0,0,40.19191919191919,141.432767389918,APOE
GO_Biological_Process_2023,Macrophage Derived Foam Cell Differentiation (GO:0010742),1/6,0.0296309633944118,0.1028104638987925,0,0,40.19191919191919,141.432767389918,STAT1
GO_Biological_Process_2023,Receptor-Mediated Virion Attachment To Host Cell (GO:0046813),1/6,0.0296309633944118,0.1028104638987925,0,0,40.19191919191919,141.432767389918,ICAM1
GO_Biological_Process_2023,Regulation Of MDA-5 Signaling Pathway (GO:0039533),1/6,0.0296309633944118,0.1028104638987925,0,0,40.19191919191919,141.432767389918,DDX60
GO_Biological_Process_2023,Regulation Of MHC Class I Biosynthetic Process (GO:0045343),1/6,0.0296309633944118,0.1028104638987925,0,0,40.19191919191919,141.432767389918,NLRC5
GO_Biological_Process_2023,Regulation Of T-helper Cell Differentiation (GO:0045622),1/6,0.0296309633944118,0.1028104638987925,0,0,40.19191919191919,141.432767389918,JUNB
GO_Biological_Process_2023,Regulation Of Adiponectin Secretion (GO:0070163),1/6,0.0296309633944118,0.1028104638987925,0,0,40.19191919191919,141.432767389918,RAB11FIP1
GO_Biological_Process_2023,Regulation Of Cell Adhesion Molecule Production (GO:0060353),1/6,0.0296309633944118,0.1028104638987925,0,0,40.19191919191919,141.432767389918,CXCL8
GO_Biological_Process_2023,Negative Regulation Of Protein Modification By Small Protein Conjugation Or Removal (GO:1903321),2/54,0.029925836282038,0.1035198868366571,0,0,7.789638932496075,27.33410071093129,TNFAIP3;ISG15
GO_Biological_Process_2023,Cellular Response To Fibroblast Growth Factor Stimulus (GO:0044344),2/55,0.0309556684055239,0.1064391601331079,0,0,7.642279553330766,26.55844340345009,ZFP36;CXCL8
GO_Biological_Process_2023,Positive Regulation Of Tyrosine Phosphorylation Of STAT Protein (GO:0042531),2/55,0.0309556684055239,0.1064391601331079,0,0,7.642279553330766,26.55844340345009,PARP9;PARP14
GO_Biological_Process_2023,Pattern Recognition Receptor Signaling Pathway (GO:0002221),2/56,0.0319994177727201,0.1093711443276554,0,0,7.500377928949358,25.81658262777106,IFIH1;CTSS
GO_Biological_Process_2023,Positive Regulation Of Cellular Metabolic Process (GO:0031325),2/56,0.0319994177727201,0.1093711443276554,0,0,7.500377928949358,25.81658262777106,CXCL8;B2M
GO_Biological_Process_2023,Signal Transduction In Response To DNA Damage (GO:0042770),2/57,0.03305692249429,0.1102918026102647,0,0,7.363636363636363,25.106496966632545,DTX3L;PARP9
GO_Biological_Process_2023,Regulation Of Calcium Ion Transport (GO:0051924),2/57,0.03305692249429,0.1102918026102647,0,0,7.363636363636363,25.106496966632545,CCL4;CCL3
GO_Biological_Process_2023,Regulation Of Bone Mineralization (GO:0030500),2/58,0.0341280219187038,0.1102918026102647,0,0,7.231778425655976,24.426318589638807,CCL3;ISG15
GO_Biological_Process_2023,Regulation Of Chemokine (C-C Motif) Ligand 5 Production (GO:0071649),1/7,0.0344842492004146,0.1102918026102647,0,0,33.49158249158249,112.77461836050252,OAS3
GO_Biological_Process_2023,Negative Regulation Of Leukocyte Proliferation (GO:0070664),1/7,0.0344842492004146,0.1102918026102647,0,0,33.49158249158249,112.77461836050252,TNFAIP3
GO_Biological_Process_2023,Regulation Of Extent Of Cell Growth (GO:0061387),1/7,0.0344842492004146,0.1102918026102647,0,0,33.49158249158249,112.77461836050252,APOE
GO_Biological_Process_2023,Negative Regulation Of Mitochondrial Membrane Potential (GO:0010917),1/7,0.0344842492004146,0.1102918026102647,0,0,33.49158249158249,112.77461836050252,PMAIP1
GO_Biological_Process_2023,Regulation Of Myeloid Leukocyte Differentiation (GO:0002761),1/7,0.0344842492004146,0.1102918026102647,0,0,33.49158249158249,112.77461836050252,IRF7
GO_Biological_Process_2023,Regulation Of Response To Wounding (GO:1903034),1/7,0.0344842492004146,0.1102918026102647,0,0,33.49158249158249,112.77461836050252,PLAU
GO_Biological_Process_2023,Positive Regulation Of CoA-transferase Activity (GO:1905920),1/7,0.0344842492004146,0.1102918026102647,0,0,33.49158249158249,112.77461836050252,APOE
GO_Biological_Process_2023,Regulation Of Vascular Wound Healing (GO:0061043),1/7,0.0344842492004146,0.1102918026102647,0,0,33.49158249158249,112.77461836050252,TNFAIP3
GO_Biological_Process_2023,Positive Regulation Of T-helper 2 Cell Cytokine Production (GO:2000553),1/7,0.0344842492004146,0.1102918026102647,0,0,33.49158249158249,112.77461836050252,RSAD2
GO_Biological_Process_2023,Positive Regulation Of Calcium Ion Import (GO:0090280),1/7,0.0344842492004146,0.1102918026102647,0,0,33.49158249158249,112.77461836050252,CCL3
GO_Biological_Process_2023,Foam Cell Differentiation (GO:0090077),1/7,0.0344842492004146,0.1102918026102647,0,0,33.49158249158249,112.77461836050252,STAT1
GO_Biological_Process_2023,Positive Regulation Of Melanin Biosynthetic Process (GO:0048023),1/7,0.0344842492004146,0.1102918026102647,0,0,33.49158249158249,112.77461836050252,ZEB2
GO_Biological_Process_2023,Positive Regulation Of Myeloid Cell Apoptotic Process (GO:0033034),1/7,0.0344842492004146,0.1102918026102647,0,0,33.49158249158249,112.77461836050252,CDKN2A
GO_Biological_Process_2023,Positive Regulation Of Natural Killer Cell Proliferation (GO:0032819),1/7,0.0344842492004146,0.1102918026102647,0,0,33.49158249158249,112.77461836050252,HLA-E
GO_Biological_Process_2023,Very-Low-Density Lipoprotein Particle Remodeling (GO:0034372),1/7,0.0344842492004146,0.1102918026102647,0,0,33.49158249158249,112.77461836050252,APOE
GO_Biological_Process_2023,Positive Regulation Of Secondary Metabolite Biosynthetic Process (GO:1900378),1/7,0.0344842492004146,0.1102918026102647,0,0,33.49158249158249,112.77461836050252,ZEB2
GO_Biological_Process_2023,Protein Deubiquitination Involved In Ubiquitin-Dependent Protein Catabolic Process (GO:0071947),1/7,0.0344842492004146,0.1102918026102647,0,0,33.49158249158249,112.77461836050252,TNFAIP3
GO_Biological_Process_2023,Regulation Of Cdc42 Protein Signal Transduction (GO:0032489),1/7,0.0344842492004146,0.1102918026102647,0,0,33.49158249158249,112.77461836050252,APOE
GO_Biological_Process_2023,Regulation Of CoA-transferase Activity (GO:1905918),1/7,0.0344842492004146,0.1102918026102647,0,0,33.49158249158249,112.77461836050252,APOE
GO_Biological_Process_2023,Regulation Of Alpha-Beta T Cell Proliferation (GO:0046640),1/7,0.0344842492004146,0.1102918026102647,0,0,33.49158249158249,112.77461836050252,IRF1
GO_Biological_Process_2023,Phospholipid Transport (GO:0015914),2/59,0.0352125566390489,0.1119954926436418,0,0,7.104547081990691,23.77431915410336,APOC1;APOE
GO_Biological_Process_2023,Positive Regulation Of Proteolysis (GO:0045862),2/59,0.0352125566390489,0.1119954926436418,0,0,7.104547081990691,23.77431915410336,APOE;CTSS
GO_Biological_Process_2023,Ras Protein Signal Transduction (GO:0007265),3/144,0.0356325626734509,0.1130174079254884,0,0,4.334064487826278,14.451917999802893,RAP2B;RASGEF1B;CDKN2A
GO_Biological_Process_2023,Regulation Of Extrinsic Apoptotic Signaling Pathway (GO:2001236),2/60,0.0363103684614095,0.1145327049264845,0,0,6.9817030260380015,23.148897224333663,TNFSF10;G0S2
GO_Biological_Process_2023,Sterol Metabolic Process (GO:0016125),2/60,0.0363103684614095,0.1145327049264845,0,0,6.9817030260380015,23.148897224333663,APOE;APOL2
GO_Biological_Process_2023,Negative Regulation Of Response To External Stimulus (GO:0032102),3/146,0.0368873028923251,0.1151252231562781,0,0,4.273015644149665,14.100472544618473,CXCL17;TNFAIP3;APOE
GO_Biological_Process_2023,Negative Regulation Of DNA-binding Transcription Factor Activity (GO:0043433),3/149,0.038811618827442,0.1151252231562781,0,0,4.184578449371558,13.595844448680904,CDKN2A;NLRC5;TNFAIP3
GO_Biological_Process_2023,Regulation Of Dendritic Cell Antigen Processing And Presentation (GO:0002604),1/8,0.0393135041520565,0.1151252231562781,0,0,28.705627705627705,92.8967850071638,CD68
GO_Biological_Process_2023,Negative Regulation Of Leukocyte Degranulation (GO:0043301),1/8,0.0393135041520565,0.1151252231562781,0,0,28.705627705627705,92.8967850071638,HLA-F
GO_Biological_Process_2023,Negative Regulation Of Lipase Activity (GO:0060192),1/8,0.0393135041520565,0.1151252231562781,0,0,28.705627705627705,92.8967850071638,APOC1
GO_Biological_Process_2023,Negative Regulation Of Long-Term Synaptic Potentiation (GO:1900272),1/8,0.0393135041520565,0.1151252231562781,0,0,28.705627705627705,92.8967850071638,APOE
GO_Biological_Process_2023,Negative Regulation Of Membrane Potential (GO:0045837),1/8,0.0393135041520565,0.1151252231562781,0,0,28.705627705627705,92.8967850071638,PMAIP1
GO_Biological_Process_2023,Regulation Of Helicase Activity (GO:0051095),1/8,0.0393135041520565,0.1151252231562781,0,0,28.705627705627705,92.8967850071638,IFIT1
GO_Biological_Process_2023,T Cell Mediated Cytotoxicity (GO:0001913),1/8,0.0393135041520565,0.1151252231562781,0,0,28.705627705627705,92.8967850071638,HLA-A
GO_Biological_Process_2023,Regulation Of Interleukin-18 Production (GO:0032661),1/8,0.0393135041520565,0.1151252231562781,0,0,28.705627705627705,92.8967850071638,GBP5
GO_Biological_Process_2023,Alcohol Catabolic Process (GO:0046164),1/8,0.0393135041520565,0.1151252231562781,0,0,28.705627705627705,92.8967850071638,APOE
GO_Biological_Process_2023,Regulation Of Mitotic Sister Chromatid Segregation (GO:0033047),1/8,0.0393135041520565,0.1151252231562781,0,0,28.705627705627705,92.8967850071638,DUSP1
GO_Biological_Process_2023,Nicotinamide Nucleotide Biosynthetic Process (GO:0019359),1/8,0.0393135041520565,0.1151252231562781,0,0,28.705627705627705,92.8967850071638,NAMPT
GO_Biological_Process_2023,p38MAPK Cascade (GO:0038066),1/8,0.0393135041520565,0.1151252231562781,0,0,28.705627705627705,92.8967850071638,ZFP36
GO_Biological_Process_2023,Plasminogen Activation (GO:0031639),1/8,0.0393135041520565,0.1151252231562781,0,0,28.705627705627705,92.8967850071638,PLAU
GO_Biological_Process_2023,Regulation Of Toll-Like Receptor 3 Signaling Pathway (GO:0034139),1/8,0.0393135041520565,0.1151252231562781,0,0,28.705627705627705,92.8967850071638,TNFAIP3
GO_Biological_Process_2023,Regulation Of Tumor Necrosis Factor Superfamily Cytokine Production (GO:1903555),1/8,0.0393135041520565,0.1151252231562781,0,0,28.705627705627705,92.8967850071638,ZFP36
GO_Biological_Process_2023,Response To Vitamin (GO:0033273),1/8,0.0393135041520565,0.1151252231562781,0,0,28.705627705627705,92.8967850071638,SPP1
GO_Biological_Process_2023,Response To Vitamin D (GO:0033280),1/8,0.0393135041520565,0.1151252231562781,0,0,28.705627705627705,92.8967850071638,SPP1
GO_Biological_Process_2023,Positive Regulation Of Dendritic Cell Cytokine Production (GO:0002732),1/8,0.0393135041520565,0.1151252231562781,0,0,28.705627705627705,92.8967850071638,CLEC7A
GO_Biological_Process_2023,Triglyceride-Rich Lipoprotein Particle Remodeling (GO:0034370),1/8,0.0393135041520565,0.1151252231562781,0,0,28.705627705627705,92.8967850071638,APOE
GO_Biological_Process_2023,Positive Regulation Of Respiratory Burst (GO:0060267),1/8,0.0393135041520565,0.1151252231562781,0,0,28.705627705627705,92.8967850071638,CLEC7A
GO_Biological_Process_2023,Protein poly-ADP-ribosylation (GO:0070212),1/8,0.0393135041520565,0.1151252231562781,0,0,28.705627705627705,92.8967850071638,PARP9
GO_Biological_Process_2023,Pyrimidine-Containing Compound Metabolic Process (GO:0072527),1/8,0.0393135041520565,0.1151252231562781,0,0,28.705627705627705,92.8967850071638,TYMP
GO_Biological_Process_2023,Modification-Dependent Macromolecule Catabolic Process (GO:0043632),1/8,0.0393135041520565,0.1151252231562781,0,0,28.705627705627705,92.8967850071638,ISG15
GO_Biological_Process_2023,Regulation Of RNA Biosynthetic Process (GO:2001141),1/8,0.0393135041520565,0.1151252231562781,0,0,28.705627705627705,92.8967850071638,CXCL8
GO_Biological_Process_2023,Negative Regulation Of T Cell Cytokine Production (GO:0002725),1/8,0.0393135041520565,0.1151252231562781,0,0,28.705627705627705,92.8967850071638,HLA-F
GO_Biological_Process_2023,Regulation Of Cell Killing (GO:0031341),1/8,0.0393135041520565,0.1151252231562781,0,0,28.705627705627705,92.8967850071638,ICAM1
GO_Biological_Process_2023,Regulation Of Tyrosine Phosphorylation Of STAT Protein (GO:0042509),2/65,0.0419931324107679,0.1202763771925696,0,0,6.425979915775834,20.37195761072225,PARP9;PARP14
GO_Biological_Process_2023,Regulation Of Cell-Matrix Adhesion (GO:0001952),2/65,0.0419931324107679,0.1202763771925696,0,0,6.425979915775834,20.37195761072225,PLAU;CDKN2A
GO_Biological_Process_2023,Response To Reactive Oxygen Species (GO:0000302),2/66,0.0431673525667949,0.1202763771925696,0,0,6.325255102040816,19.87819449312978,FOS;APOE
GO_Biological_Process_2023,B Cell Homeostasis (GO:0001782),1/9,0.0441188457824273,0.1202763771925696,0,0,25.116161616161616,78.3842312444799,TNFAIP3
GO_Biological_Process_2023,Negative Regulation Of Heterotypic Cell-Cell Adhesion (GO:0034115),1/9,0.0441188457824273,0.1202763771925696,0,0,25.116161616161616,78.3842312444799,IL1RN
GO_Biological_Process_2023,Negative Regulation Of Hormone Secretion (GO:0046888),1/9,0.0441188457824273,0.1202763771925696,0,0,25.116161616161616,78.3842312444799,RAB11FIP1
GO_Biological_Process_2023,NAD Biosynthesis Via Nicotinamide Riboside Salvage Pathway (GO:0034356),1/9,0.0441188457824273,0.1202763771925696,0,0,25.116161616161616,78.3842312444799,PARP9
GO_Biological_Process_2023,Negative Regulation Of Receptor Binding (GO:1900121),1/9,0.0441188457824273,0.1202763771925696,0,0,25.116161616161616,78.3842312444799,B2M
GO_Biological_Process_2023,Regulation Of Leukocyte Mediated Cytotoxicity (GO:0001910),1/9,0.0441188457824273,0.1202763771925696,0,0,25.116161616161616,78.3842312444799,ICAM1
GO_Biological_Process_2023,Negative Regulation Of Toll-Like Receptor 4 Signaling Pathway (GO:0034144),1/9,0.0441188457824273,0.1202763771925696,0,0,25.116161616161616,78.3842312444799,TNFAIP3
GO_Biological_Process_2023,Negative Regulation Of Tyrosine Phosphorylation Of STAT Protein (GO:0042532),1/9,0.0441188457824273,0.1202763771925696,0,0,25.116161616161616,78.3842312444799,PARP14
GO_Biological_Process_2023,Regulation Of Natural Killer Cell Proliferation (GO:0032817),1/9,0.0441188457824273,0.1202763771925696,0,0,25.116161616161616,78.3842312444799,HLA-E
GO_Biological_Process_2023,Neuron Remodeling (GO:0016322),1/9,0.0441188457824273,0.1202763771925696,0,0,25.116161616161616,78.3842312444799,C1QA
GO_Biological_Process_2023,Nucleoside Metabolic Process (GO:0009116),1/9,0.0441188457824273,0.1202763771925696,0,0,25.116161616161616,78.3842312444799,TYMP
GO_Biological_Process_2023,Cell Differentiation Involved In Metanephros Development (GO:0072202),1/9,0.0441188457824273,0.1202763771925696,0,0,25.116161616161616,78.3842312444799,STAT1
GO_Biological_Process_2023,Regulation Of Receptor Binding (GO:1900120),1/9,0.0441188457824273,0.1202763771925696,0,0,25.116161616161616,78.3842312444799,B2M
GO_Biological_Process_2023,Cellular Response To Oxidised Low-Density Lipoprotein Particle Stimulus (GO:0140052),1/9,0.0441188457824273,0.1202763771925696,0,0,25.116161616161616,78.3842312444799,CD68
GO_Biological_Process_2023,Positive Regulation Of RIG-I Signaling Pathway (GO:1900246),1/9,0.0441188457824273,0.1202763771925696,0,0,25.116161616161616,78.3842312444799,DDX60
GO_Biological_Process_2023,Positive Regulation Of Leukocyte Apoptotic Process (GO:2000108),1/9,0.0441188457824273,0.1202763771925696,0,0,25.116161616161616,78.3842312444799,CDKN2A
GO_Biological_Process_2023,Positive Regulation Of Mesenchymal Cell Proliferation (GO:0002053),1/9,0.0441188457824273,0.1202763771925696,0,0,25.116161616161616,78.3842312444799,STAT1
GO_Biological_Process_2023,Positive Regulation Of miRNA-mediated Gene Silencing (GO:2000637),1/9,0.0441188457824273,0.1202763771925696,0,0,25.116161616161616,78.3842312444799,ZFP36
GO_Biological_Process_2023,Granulocyte Migration (GO:0097530),1/9,0.0441188457824273,0.1202763771925696,0,0,25.116161616161616,78.3842312444799,CCL3
GO_Biological_Process_2023,High-Density Lipoprotein Particle Assembly (GO:0034380),1/9,0.0441188457824273,0.1202763771925696,0,0,25.116161616161616,78.3842312444799,APOE
GO_Biological_Process_2023,Positive Regulation Of Platelet Activation (GO:0010572),1/9,0.0441188457824273,0.1202763771925696,0,0,25.116161616161616,78.3842312444799,PLEK
GO_Biological_Process_2023,Protein K11-linked Deubiquitination (GO:0035871),1/9,0.0441188457824273,0.1202763771925696,0,0,25.116161616161616,78.3842312444799,TNFAIP3
GO_Biological_Process_2023,Regulation Of PERK-mediated Unfolded Protein Response (GO:1903897),1/9,0.0441188457824273,0.1202763771925696,0,0,25.116161616161616,78.3842312444799,PPP1R15A
GO_Biological_Process_2023,Negative Regulation Of Bone Resorption (GO:0045779),1/9,0.0441188457824273,0.1202763771925696,0,0,25.116161616161616,78.3842312444799,TNFAIP3
GO_Biological_Process_2023,Regulation Of Cell-Cell Adhesion Involved In Gastrulation (GO:0070587),1/9,0.0441188457824273,0.1202763771925696,0,0,25.116161616161616,78.3842312444799,IL1RN
GO_Biological_Process_2023,Regulation Of Cellular Extravasation (GO:0002691),1/9,0.0441188457824273,0.1202763771925696,0,0,25.116161616161616,78.3842312444799,ICAM1
GO_Biological_Process_2023,Cholesterol Metabolic Process (GO:0008203),2/67,0.0443537761760118,0.1206296287922413,0,0,6.227629513343799,19.402537395096388,APOE;APOL2
GO_Biological_Process_2023,Regulation Of Endopeptidase Activity (GO:0052548),2/69,0.0467626402187707,0.1209307729101422,0,0,6.041120925982333,18.501963939065423,SERPINB13;PSMB9
GO_Biological_Process_2023,Response To Molecule Of Bacterial Origin (GO:0002237),2/69,0.0467626402187707,0.1209307729101422,0,0,6.041120925982333,18.501963939065423,CXCL8;TNFAIP3
GO_Biological_Process_2023,Protein K48-linked Ubiquitination (GO:0070936),2/70,0.0479847867745847,0.1209307729101422,0,0,5.951980792316927,18.075399411278084,DTX3L;TNFAIP3
GO_Biological_Process_2023,Regulation Of G Protein-Coupled Receptor Signaling Pathway (GO:0008277),2/70,0.0479847867745847,0.1209307729101422,0,0,5.951980792316927,18.075399411278084,CXCL8;PLEK
GO_Biological_Process_2023,Negative Regulation Of Dephosphorylation (GO:0035305),1/10,0.0489003911418304,0.1209307729101422,0,0,22.32435465768799,67.37423003045056,PPP1R15A
GO_Biological_Process_2023,Regulation Of Cysteine-Type Endopeptidase Activity Involved In Apoptotic Signaling Pathway (GO:2001267),1/10,0.0489003911418304,0.1209307729101422,0,0,22.32435465768799,67.37423003045056,PLAUR
GO_Biological_Process_2023,Negative Regulation Of Hemostasis (GO:1900047),1/10,0.0489003911418304,0.1209307729101422,0,0,22.32435465768799,67.37423003045056,APOE
GO_Biological_Process_2023,Rap Protein Signal Transduction (GO:0032486),1/10,0.0489003911418304,0.1209307729101422,0,0,22.32435465768799,67.37423003045056,RAP2B
GO_Biological_Process_2023,T Cell Chemotaxis (GO:0010818),1/10,0.0489003911418304,0.1209307729101422,0,0,22.32435465768799,67.37423003045056,CCL3
GO_Biological_Process_2023,Regulation Of Melanin Biosynthetic Process (GO:0048021),1/10,0.0489003911418304,0.1209307729101422,0,0,22.32435465768799,67.37423003045056,ZEB2
GO_Biological_Process_2023,Regulation Of Mitochondrial Depolarization (GO:0051900),1/10,0.0489003911418304,0.1209307729101422,0,0,22.32435465768799,67.37423003045056,IFI6
GO_Biological_Process_2023,Regulation Of Mitotic Sister Chromatid Separation (GO:0010965),1/10,0.0489003911418304,0.1209307729101422,0,0,22.32435465768799,67.37423003045056,DUSP1
GO_Biological_Process_2023,Basement Membrane Organization (GO:0071711),1/10,0.0489003911418304,0.1209307729101422,0,0,22.32435465768799,67.37423003045056,CTSS
GO_Biological_Process_2023,Regulation Of Respiratory Burst (GO:0060263),1/10,0.0489003911418304,0.1209307729101422,0,0,22.32435465768799,67.37423003045056,CLEC7A
GO_Biological_Process_2023,Regulation Of Smooth Muscle Cell Apoptotic Process (GO:0034391),1/10,0.0489003911418304,0.1209307729101422,0,0,22.32435465768799,67.37423003045056,CDKN2A
GO_Biological_Process_2023,Regulation Of Toll-Like Receptor 2 Signaling Pathway (GO:0034135),1/10,0.0489003911418304,0.1209307729101422,0,0,22.32435465768799,67.37423003045056,TNFAIP3
GO_Biological_Process_2023,Regulation Of Toll-Like Receptor 9 Signaling Pathway (GO:0034163),1/10,0.0489003911418304,0.1209307729101422,0,0,22.32435465768799,67.37423003045056,RSAD2
GO_Biological_Process_2023,Positive Regulation Of Actin Filament Depolymerization (GO:0030836),1/10,0.0489003911418304,0.1209307729101422,0,0,22.32435465768799,67.37423003045056,PLEK
GO_Biological_Process_2023,Response To Corticosteroid (GO:0031960),1/10,0.0489003911418304,0.1209307729101422,0,0,22.32435465768799,67.37423003045056,IL1RN
GO_Biological_Process_2023,Positive Regulation Of Bone Resorption (GO:0045780),1/10,0.0489003911418304,0.1209307729101422,0,0,22.32435465768799,67.37423003045056,SPP1
GO_Biological_Process_2023,Response To Sterol (GO:0036314),1/10,0.0489003911418304,0.1209307729101422,0,0,22.32435465768799,67.37423003045056,CCL3
GO_Biological_Process_2023,Positive Regulation Of Cellular Senescence (GO:2000774),1/10,0.0489003911418304,0.1209307729101422,0,0,22.32435465768799,67.37423003045056,B2M
GO_Biological_Process_2023,Positive Regulation Of Cholesterol Metabolic Process (GO:0090205),1/10,0.0489003911418304,0.1209307729101422,0,0,22.32435465768799,67.37423003045056,APOE
GO_Biological_Process_2023,Sarcoplasmic Reticulum Calcium Ion Transport (GO:0070296),1/10,0.0489003911418304,0.1209307729101422,0,0,22.32435465768799,67.37423003045056,CCL3
GO_Biological_Process_2023,Endosomal Vesicle Fusion (GO:0034058),1/10,0.0489003911418304,0.1209307729101422,0,0,22.32435465768799,67.37423003045056,SAMD9
GO_Biological_Process_2023,Establishment Of Endothelial Intestinal Barrier (GO:0090557),1/10,0.0489003911418304,0.1209307729101422,0,0,22.32435465768799,67.37423003045056,RAP2B
GO_Biological_Process_2023,Positive Regulation Of Integrin Activation (GO:0033625),1/10,0.0489003911418304,0.1209307729101422,0,0,22.32435465768799,67.37423003045056,PLEK
GO_Biological_Process_2023,Positive Regulation Of Interleukin-13 Production (GO:0032736),1/10,0.0489003911418304,0.1209307729101422,0,0,22.32435465768799,67.37423003045056,HLA-E
GO_Biological_Process_2023,Surfactant Homeostasis (GO:0043129),1/10,0.0489003911418304,0.1209307729101422,0,0,22.32435465768799,67.37423003045056,OAS1
GO_Biological_Process_2023,Fatty Acid Homeostasis (GO:0055089),1/10,0.0489003911418304,0.1209307729101422,0,0,22.32435465768799,67.37423003045056,APOE
GO_Biological_Process_2023,Positive Regulation Of Nitric-Oxide Synthase Biosynthetic Process (GO:0051770),1/10,0.0489003911418304,0.1209307729101422,0,0,22.32435465768799,67.37423003045056,NAMPT
GO_Biological_Process_2023,Very-Low-Density Lipoprotein Particle Assembly (GO:0034379),1/10,0.0489003911418304,0.1209307729101422,0,0,22.32435465768799,67.37423003045056,APOC1
GO_Biological_Process_2023,Positive Regulation Of Phospholipid Transport (GO:2001140),1/10,0.0489003911418304,0.1209307729101422,0,0,22.32435465768799,67.37423003045056,APOE
GO_Biological_Process_2023,Positive Regulation Of Post-Transcriptional Gene Silencing By RNA (GO:1900370),1/10,0.0489003911418304,0.1209307729101422,0,0,22.32435465768799,67.37423003045056,ZFP36
GO_Biological_Process_2023,Positive Regulation Of Protein Depolymerization (GO:1901881),1/10,0.0489003911418304,0.1209307729101422,0,0,22.32435465768799,67.37423003045056,PLEK
GO_Biological_Process_2023,Induction Of Positive Chemotaxis (GO:0050930),1/10,0.0489003911418304,0.1209307729101422,0,0,22.32435465768799,67.37423003045056,CXCL8
GO_Biological_Process_2023,Positive Regulation Of Toll-Like Receptor 4 Signaling Pathway (GO:0034145),1/10,0.0489003911418304,0.1209307729101422,0,0,22.32435465768799,67.37423003045056,IFI35
GO_Biological_Process_2023,Lipoprotein Catabolic Process (GO:0042159),1/10,0.0489003911418304,0.1209307729101422,0,0,22.32435465768799,67.37423003045056,APOE
GO_Biological_Process_2023,Protein Kinase C Signaling (GO:0070528),1/10,0.0489003911418304,0.1209307729101422,0,0,22.32435465768799,67.37423003045056,PLEK
GO_Biological_Process_2023,Metanephric Mesenchyme Development (GO:0072075),1/10,0.0489003911418304,0.1209307729101422,0,0,22.32435465768799,67.37423003045056,STAT1
GO_Biological_Process_2023,Regulation Of T-helper 2 Cell Cytokine Production (GO:2000551),1/10,0.0489003911418304,0.1209307729101422,0,0,22.32435465768799,67.37423003045056,RSAD2
GO_Biological_Process_2023,Negative Regulation Of Cholesterol Transport (GO:0032375),1/10,0.0489003911418304,0.1209307729101422,0,0,22.32435465768799,67.37423003045056,APOC1
GO_Biological_Process_2023,Positive Regulation Of Protein Localization To Nucleus (GO:1900182),2/72,0.0504637828415356,0.1245280848137033,0,0,5.78134110787172,17.265971584773993,DTX3L;PARP9
GO_Biological_Process_2023,Cellular Response To Reactive Oxygen Species (GO:0034614),2/73,0.0517203452860749,0.1269394710325187,0,0,5.699626329405001,16.881746303056282,TNFAIP3;FOS
GO_Biological_Process_2023,Protein Tetramerization (GO:0051262),2/73,0.0517203452860749,0.1269394710325187,0,0,5.699626329405001,16.881746303056282,GBP5;B2M
GO_Biological_Process_2023,Positive Regulation Of Lymphocyte Proliferation (GO:0050671),2/74,0.0529880944930012,0.1269394710325187,0,0,5.620181405895692,16.510339602462818,FCGR3A;HLA-E
GO_Biological_Process_2023,Negative Regulation Of Fibrinolysis (GO:0051918),1/11,0.0536582567508638,0.1269394710325187,0,0,20.09090909090909,58.76831842188268,PLAU
GO_Biological_Process_2023,Negative Regulation Of Leukocyte Apoptotic Process (GO:2000107),1/11,0.0536582567508638,0.1269394710325187,0,0,20.09090909090909,58.76831842188268,IRF7
GO_Biological_Process_2023,Negative Regulation Of Leukocyte Chemotaxis (GO:0002689),1/11,0.0536582567508638,0.1269394710325187,0,0,20.09090909090909,58.76831842188268,DUSP1
GO_Biological_Process_2023,Regulation Of Epithelial Cell Apoptotic Process (GO:1904035),1/11,0.0536582567508638,0.1269394710325187,0,0,20.09090909090909,58.76831842188268,ZFP36
GO_Biological_Process_2023,Negative Regulation Of Myotube Differentiation (GO:0010832),1/11,0.0536582567508638,0.1269394710325187,0,0,20.09090909090909,58.76831842188268,CEACAM5
GO_Biological_Process_2023,Negative Regulation Of Nitrogen Compound Metabolic Process (GO:0051172),1/11,0.0536582567508638,0.1269394710325187,0,0,20.09090909090909,58.76831842188268,APOE
GO_Biological_Process_2023,Regulation Of Homotypic Cell-Cell Adhesion (GO:0034110),1/11,0.0536582567508638,0.1269394710325187,0,0,20.09090909090909,58.76831842188268,PLAUR
GO_Biological_Process_2023,Regulation Of Mesenchymal Cell Proliferation (GO:0010464),1/11,0.0536582567508638,0.1269394710325187,0,0,20.09090909090909,58.76831842188268,STAT1
GO_Biological_Process_2023,Nucleotide-Binding Oligomerization Domain Containing Signaling Pathway (GO:0070423),1/11,0.0536582567508638,0.1269394710325187,0,0,20.09090909090909,58.76831842188268,TNFAIP3
GO_Biological_Process_2023,Cellular Response To Thyroid Hormone Stimulus (GO:0097067),1/11,0.0536582567508638,0.1269394710325187,0,0,20.09090909090909,58.76831842188268,CTSS
GO_Biological_Process_2023,Positive Regulation Of Lipid Transport (GO:0032370),1/11,0.0536582567508638,0.1269394710325187,0,0,20.09090909090909,58.76831842188268,APOE
GO_Biological_Process_2023,Macrophage Activation Involved In Immune Response (GO:0002281),1/11,0.0536582567508638,0.1269394710325187,0,0,20.09090909090909,58.76831842188268,IFI35
GO_Biological_Process_2023,Mitochondrial Genome Maintenance (GO:0000002),1/11,0.0536582567508638,0.1269394710325187,0,0,20.09090909090909,58.76831842188268,TYMP
GO_Biological_Process_2023,Regulation Of T-helper 17 Cell Differentiation (GO:2000319),1/11,0.0536582567508638,0.1269394710325187,0,0,20.09090909090909,58.76831842188268,JUNB
GO_Biological_Process_2023,Regulation Of Actin Filament Depolymerization (GO:0030834),1/11,0.0536582567508638,0.1269394710325187,0,0,20.09090909090909,58.76831842188268,PLEK
GO_Biological_Process_2023,Regulation Of Amyloid Precursor Protein Catabolic Process (GO:1902991),1/11,0.0536582567508638,0.1269394710325187,0,0,20.09090909090909,58.76831842188268,APOE
GO_Biological_Process_2023,Negative Regulation Of Bone Remodeling (GO:0046851),1/11,0.0536582567508638,0.1269394710325187,0,0,20.09090909090909,58.76831842188268,TNFAIP3
GO_Biological_Process_2023,Positive Regulation Of Interleukin-6 Production (GO:0032755),2/76,0.0555565913641185,0.131159375488486,0,0,5.467733039161611,15.803679213614178,IFIH1;CLEC7A
GO_Biological_Process_2023,Positive Regulation Of Cellular Biosynthetic Process (GO:0031328),3/174,0.056773369781736,0.1326576975678385,0,0,3.5682763610056067,10.236271238751806,ZEB2;CXCL8;CLEC7A
GO_Biological_Process_2023,Positive Regulation Of Response To Stimulus (GO:0048584),2/77,0.0568570608364096,0.1326576975678385,0,0,5.394557823129252,15.467356382357153,IFIH1;RSAD2
GO_Biological_Process_2023,Positive Regulation Of I-kappaB kinase/NF-kappaB Signaling (GO:0043123),3/175,0.0575615219120737,0.1326576975678385,0,0,3.547350755214577,10.127335065403114,CLEC7A;TNFSF10;APOL2
GO_Biological_Process_2023,Negative Regulation Of Mononuclear Cell Migration (GO:0071676),1/12,0.0583925585800791,0.1326576975678385,0,0,18.26354453627181,51.878818604154176,DUSP1
GO_Biological_Process_2023,Adipose Tissue Development (GO:0060612),1/12,0.0583925585800791,0.1326576975678385,0,0,18.26354453627181,51.878818604154176,NAMPT
GO_Biological_Process_2023,Negative Regulation Of Substrate Adhesion-Dependent Cell Spreading (GO:1900025),1/12,0.0583925585800791,0.1326576975678385,0,0,18.26354453627181,51.878818604154176,GBP1
GO_Biological_Process_2023,Astrocyte Activation (GO:0048143),1/12,0.0583925585800791,0.1326576975678385,0,0,18.26354453627181,51.878818604154176,C1QA
GO_Biological_Process_2023,Regulation Of Sensory Perception (GO:0051931),1/12,0.0583925585800791,0.1326576975678385,0,0,18.26354453627181,51.878818604154176,CCL3
GO_Biological_Process_2023,Response To Iron Ion (GO:0010039),1/12,0.0583925585800791,0.1326576975678385,0,0,18.26354453627181,51.878818604154176,B2M
GO_Biological_Process_2023,Detection Of Bacterium (GO:0016045),1/12,0.0583925585800791,0.1326576975678385,0,0,18.26354453627181,51.878818604154176,HLA-A
GO_Biological_Process_2023,Response To Thyroid Hormone (GO:0097066),1/12,0.0583925585800791,0.1326576975678385,0,0,18.26354453627181,51.878818604154176,CTSS
GO_Biological_Process_2023,Positive Regulation Of Cellular Extravasation (GO:0002693),1/12,0.0583925585800791,0.1326576975678385,0,0,18.26354453627181,51.878818604154176,ICAM1
GO_Biological_Process_2023,Steroid Catabolic Process (GO:0006706),1/12,0.0583925585800791,0.1326576975678385,0,0,18.26354453627181,51.878818604154176,SPP1
GO_Biological_Process_2023,Fibrinolysis (GO:0042730),1/12,0.0583925585800791,0.1326576975678385,0,0,18.26354453627181,51.878818604154176,PLAU
GO_Biological_Process_2023,Granulocyte Activation (GO:0036230),1/12,0.0583925585800791,0.1326576975678385,0,0,18.26354453627181,51.878818604154176,CXCL8
GO_Biological_Process_2023,Positive Regulation Of Nuclear-Transcribed mRNA poly(A) Tail Shortening (GO:0060213),1/12,0.0583925585800791,0.1326576975678385,0,0,18.26354453627181,51.878818604154176,ZFP36
GO_Biological_Process_2023,Negative Regulation By Host Of Viral Transcription (GO:0043922),1/12,0.0583925585800791,0.1326576975678385,0,0,18.26354453627181,51.878818604154176,CCL4
GO_Biological_Process_2023,Negative Regulation Of Alcohol Biosynthetic Process (GO:1902931),1/12,0.0583925585800791,0.1326576975678385,0,0,18.26354453627181,51.878818604154176,PLEK
GO_Biological_Process_2023,Negative Regulation Of Coagulation (GO:0050819),1/12,0.0583925585800791,0.1326576975678385,0,0,18.26354453627181,51.878818604154176,APOE
GO_Biological_Process_2023,Negative Regulation Of Endoplasmic Reticulum Unfolded Protein Response (GO:1900102),1/13,0.0631034120924418,0.1384164882104328,0,0,16.74074074074074,46.254339159717055,PPP1R15A
GO_Biological_Process_2023,Negative Regulation Of Interleukin-12 Production (GO:0032695),1/13,0.0631034120924418,0.1384164882104328,0,0,16.74074074074074,46.254339159717055,TIGIT
GO_Biological_Process_2023,Acute-Phase Response (GO:0006953),1/13,0.0631034120924418,0.1384164882104328,0,0,16.74074074074074,46.254339159717055,APOL2
GO_Biological_Process_2023,Negative Regulation Of Viral Transcription (GO:0032897),1/13,0.0631034120924418,0.1384164882104328,0,0,16.74074074074074,46.254339159717055,ZFP36
GO_Biological_Process_2023,Regulation Of Nitric-Oxide Synthase Biosynthetic Process (GO:0051769),1/13,0.0631034120924418,0.1384164882104328,0,0,16.74074074074074,46.254339159717055,NAMPT
GO_Biological_Process_2023,Regulation Of Nitrogen Compound Metabolic Process (GO:0051171),1/13,0.0631034120924418,0.1384164882104328,0,0,16.74074074074074,46.254339159717055,APOE
GO_Biological_Process_2023,Positive Regulation Of T-helper 17 Type Immune Response (GO:2000318),1/13,0.0631034120924418,0.1384164882104328,0,0,16.74074074074074,46.254339159717055,CLEC7A
GO_Biological_Process_2023,Response To Chemokine (GO:1990868),1/13,0.0631034120924418,0.1384164882104328,0,0,16.74074074074074,46.254339159717055,DUSP1
GO_Biological_Process_2023,Endolysosomal Toll-Like Receptor Signaling Pathway (GO:0140894),1/13,0.0631034120924418,0.1384164882104328,0,0,16.74074074074074,46.254339159717055,OAS1
GO_Biological_Process_2023,Ether Lipid Metabolic Process (GO:0046485),1/13,0.0631034120924418,0.1384164882104328,0,0,16.74074074074074,46.254339159717055,NCEH1
GO_Biological_Process_2023,Positive Regulation Of Leukocyte Degranulation (GO:0043302),1/13,0.0631034120924418,0.1384164882104328,0,0,16.74074074074074,46.254339159717055,HLA-F
GO_Biological_Process_2023,Positive Regulation Of Macrophage Chemotaxis (GO:0010759),1/13,0.0631034120924418,0.1384164882104328,0,0,16.74074074074074,46.254339159717055,CXCL17
GO_Biological_Process_2023,Positive Regulation Of Superoxide Anion Generation (GO:0032930),1/13,0.0631034120924418,0.1384164882104328,0,0,16.74074074074074,46.254339159717055,CLEC7A
GO_Biological_Process_2023,Positive Regulation Of Type 2 Immune Response (GO:0002830),1/13,0.0631034120924418,0.1384164882104328,0,0,16.74074074074074,46.254339159717055,RSAD2
GO_Biological_Process_2023,Microvillus Organization (GO:0032528),1/13,0.0631034120924418,0.1384164882104328,0,0,16.74074074074074,46.254339159717055,RAP2B
GO_Biological_Process_2023,Regulation Of ERBB Signaling Pathway (GO:1901184),1/13,0.0631034120924418,0.1384164882104328,0,0,16.74074074074074,46.254339159717055,IFI6
GO_Biological_Process_2023,Negative Regulation Of T Cell Differentiation (GO:0045581),1/13,0.0631034120924418,0.1384164882104328,0,0,16.74074074074074,46.254339159717055,IRF1
GO_Biological_Process_2023,Negative Regulation Of Bone Mineralization (GO:0030502),1/13,0.0631034120924418,0.1384164882104328,0,0,16.74074074074074,46.254339159717055,CCL3
GO_Biological_Process_2023,Regulation Of Phosphorylation (GO:0042325),2/82,0.0635161526621471,0.1390554393846242,0,0,5.056122448979592,13.93700450766989,CDKN2A;NLRC5
GO_Biological_Process_2023,Positive Regulation Of Protein Localization (GO:1903829),2/85,0.067632189652766,0.1429477298947601,0,0,4.87263339070568,13.12527238363094,DTX3L;PARP9
GO_Biological_Process_2023,Integrin-Mediated Signaling Pathway (GO:0007229),2/85,0.067632189652766,0.1429477298947601,0,0,4.87263339070568,13.12527238363094,PLEK;ISG15
GO_Biological_Process_2023,Negative Regulation Of Cell Cycle (GO:0045786),2/85,0.067632189652766,0.1429477298947601,0,0,4.87263339070568,13.12527238363094,DUSP1;CDKN2A
GO_Biological_Process_2023,Negative Regulation Of Fatty Acid Biosynthetic Process (GO:0045717),1/14,0.0677909321684321,0.1429477298947601,0,0,15.452214452214452,41.58695944336839,APOC1
GO_Biological_Process_2023,MHC Class II Protein Complex Assembly (GO:0002399),1/14,0.0677909321684321,0.1429477298947601,0,0,15.452214452214452,41.58695944336839,HLA-DQA1
GO_Biological_Process_2023,Regulation Of Integrin Activation (GO:0033623),1/14,0.0677909321684321,0.1429477298947601,0,0,15.452214452214452,41.58695944336839,PLEK
GO_Biological_Process_2023,Regulation Of Nuclear-Transcribed mRNA poly(A) Tail Shortening (GO:0060211),1/14,0.0677909321684321,0.1429477298947601,0,0,15.452214452214452,41.58695944336839,ZFP36
GO_Biological_Process_2023,Peptide Antigen Assembly With MHC Class II Protein Complex (GO:0002503),1/14,0.0677909321684321,0.1429477298947601,0,0,15.452214452214452,41.58695944336839,HLA-DQA1
GO_Biological_Process_2023,Regulation Of Sensory Perception Of Pain (GO:0051930),1/14,0.0677909321684321,0.1429477298947601,0,0,15.452214452214452,41.58695944336839,CCL3
GO_Biological_Process_2023,Regulation Of Superoxide Anion Generation (GO:0032928),1/14,0.0677909321684321,0.1429477298947601,0,0,15.452214452214452,41.58695944336839,CLEC7A
GO_Biological_Process_2023,Positive Regulation Of Adaptive Immune Response Based On Somatic Recombination Of Immune Receptors Built From Immunoglobulin Superfamily Domains (GO:0002824),1/14,0.0677909321684321,0.1429477298947601,0,0,15.452214452214452,41.58695944336839,CLEC7A
GO_Biological_Process_2023,Positive Regulation Of Membrane Protein Ectodomain Proteolysis (GO:0051044),1/14,0.0677909321684321,0.1429477298947601,0,0,15.452214452214452,41.58695944336839,APOE
GO_Biological_Process_2023,"Positive Regulation Of Nuclear-Transcribed mRNA Catabolic Process, Deadenylation-Dependent Decay (GO:1900153)",1/14,0.0677909321684321,0.1429477298947601,0,0,15.452214452214452,41.58695944336839,ZFP36
GO_Biological_Process_2023,Positive Regulation Of Response To Cytokine Stimulus (GO:0060760),1/14,0.0677909321684321,0.1429477298947601,0,0,15.452214452214452,41.58695944336839,IFIH1
GO_Biological_Process_2023,Positive Regulation Of Type I Interferon-Mediated Signaling Pathway (GO:0060340),1/14,0.0677909321684321,0.1429477298947601,0,0,15.452214452214452,41.58695944336839,NLRC5
GO_Biological_Process_2023,Lipoprotein Biosynthetic Process (GO:0042158),1/14,0.0677909321684321,0.1429477298947601,0,0,15.452214452214452,41.58695944336839,APOE
GO_Biological_Process_2023,Protein Localization To Vacuole (GO:0072665),1/14,0.0677909321684321,0.1429477298947601,0,0,15.452214452214452,41.58695944336839,GBP1
GO_Biological_Process_2023,miRNA-mediated Gene Silencing By Inhibition Of Translation (GO:0035278),1/14,0.0677909321684321,0.1429477298947601,0,0,15.452214452214452,41.58695944336839,ZFP36
GO_Biological_Process_2023,Microvillus Assembly (GO:0030033),1/14,0.0677909321684321,0.1429477298947601,0,0,15.452214452214452,41.58695944336839,RAP2B
GO_Biological_Process_2023,Negative Regulation Of T Cell Mediated Immunity (GO:0002710),1/14,0.0677909321684321,0.1429477298947601,0,0,15.452214452214452,41.58695944336839,HLA-F
GO_Biological_Process_2023,Exocytosis (GO:0006887),2/86,0.0690235124413976,0.1450127004502758,0,0,4.814382896015549,12.870328659591635,RAB11FIP1;CCL3
GO_Biological_Process_2023,Negative Regulation Of Binding (GO:0051100),2/86,0.0690235124413976,0.1450127004502758,0,0,4.814382896015549,12.870328659591635,IFIT1;IFIT2
GO_Biological_Process_2023,Negative Regulation Of DNA-templated Transcription (GO:0045892),9/1025,0.0707607274426461,0.1470944006845149,0,0,1.8382365665830236,4.868479710727072,ZFP36;ZEB2;STAT1;CDKN2A;IRF1;IRF7;FOSB;MXD1;PARP9
GO_Biological_Process_2023,Modification-Dependent Protein Catabolic Process (GO:0019941),3/192,0.0717418991703997,0.1470944006845149,0,0,3.225495009000164,8.498148268482408,DTX3L;UBE2L6;ISG15
GO_Biological_Process_2023,3'-UTR-mediated mRNA Destabilization (GO:0061158),1/15,0.0724552331756038,0.1470944006845149,0,0,14.347763347763347,37.6598138369901,ZFP36
GO_Biological_Process_2023,Regulation Of Cholesterol Biosynthetic Process (GO:0045540),1/15,0.0724552331756038,0.1470944006845149,0,0,14.347763347763347,37.6598138369901,APOE
GO_Biological_Process_2023,DNA Alkylation (GO:0006305),1/15,0.0724552331756038,0.1470944006845149,0,0,14.347763347763347,37.6598138369901,FOS
GO_Biological_Process_2023,T Cell Homeostasis (GO:0043029),1/15,0.0724552331756038,0.1470944006845149,0,0,14.347763347763347,37.6598138369901,PMAIP1
GO_Biological_Process_2023,Negative Regulation Of Platelet Activation (GO:0010544),1/15,0.0724552331756038,0.1470944006845149,0,0,14.347763347763347,37.6598138369901,APOE
GO_Biological_Process_2023,Regulation Of Interleukin-13 Production (GO:0032656),1/15,0.0724552331756038,0.1470944006845149,0,0,14.347763347763347,37.6598138369901,HLA-E
GO_Biological_Process_2023,Negative Regulation Of Protein Processing (GO:0010955),1/15,0.0724552331756038,0.1470944006845149,0,0,14.347763347763347,37.6598138369901,PLAU
GO_Biological_Process_2023,Regulation Of Lipoprotein Lipase Activity (GO:0051004),1/15,0.0724552331756038,0.1470944006845149,0,0,14.347763347763347,37.6598138369901,APOC1
GO_Biological_Process_2023,Regulation Of miRNA-mediated Gene Silencing (GO:0060964),1/15,0.0724552331756038,0.1470944006845149,0,0,14.347763347763347,37.6598138369901,ZFP36
GO_Biological_Process_2023,Regulation Of Monocyte Differentiation (GO:0045655),1/15,0.0724552331756038,0.1470944006845149,0,0,14.347763347763347,37.6598138369901,IRF7
GO_Biological_Process_2023,Astrocyte Development (GO:0014002),1/15,0.0724552331756038,0.1470944006845149,0,0,14.347763347763347,37.6598138369901,C1QA
GO_Biological_Process_2023,Cellular Response To Corticosteroid Stimulus (GO:0071384),1/15,0.0724552331756038,0.1470944006845149,0,0,14.347763347763347,37.6598138369901,ZFP36
GO_Biological_Process_2023,"Positive Regulation Of DNA Damage Response, Signal Transduction By P53 Class Mediator (GO:0043517)",1/15,0.0724552331756038,0.1470944006845149,0,0,14.347763347763347,37.6598138369901,PMAIP1
GO_Biological_Process_2023,Positive Regulation Of Cell Activation (GO:0050867),1/15,0.0724552331756038,0.1470944006845149,0,0,14.347763347763347,37.6598138369901,PLEK
GO_Biological_Process_2023,Positive Regulation Of Glucose Metabolic Process (GO:0010907),1/15,0.0724552331756038,0.1470944006845149,0,0,14.347763347763347,37.6598138369901,PMAIP1
GO_Biological_Process_2023,Protein Localization To Microtubule Organizing Center (GO:1905508),1/15,0.0724552331756038,0.1470944006845149,0,0,14.347763347763347,37.6598138369901,SNX10
GO_Biological_Process_2023,Regulation Of Amyloid-Beta Clearance (GO:1900221),1/15,0.0724552331756038,0.1470944006845149,0,0,14.347763347763347,37.6598138369901,APOE
GO_Biological_Process_2023,Regulation Of Epithelial Cell Proliferation (GO:0050678),2/91,0.0761192182371278,0.1511565258998719,0,0,4.542765420775051,11.699685676018186,ZFP36;B2M
GO_Biological_Process_2023,DNA Repair-Dependent Chromatin Remodeling (GO:0140861),1/16,0.0770964289305897,0.1511565258998719,0,0,13.390572390572393,34.31599732708391,DTX3L
GO_Biological_Process_2023,Negative Regulation Of Phosphatase Activity (GO:0010923),1/16,0.0770964289305897,0.1511565258998719,0,0,13.390572390572393,34.31599732708391,PPP1R15A
GO_Biological_Process_2023,Negative Regulation Of Receptor Signaling Pathway Via JAK-STAT (GO:0046426),1/16,0.0770964289305897,0.1511565258998719,0,0,13.390572390572393,34.31599732708391,PARP14
GO_Biological_Process_2023,Antifungal Innate Immune Response (GO:0061760),1/16,0.0770964289305897,0.1511565258998719,0,0,13.390572390572393,34.31599732708391,CLEC7A
GO_Biological_Process_2023,Negative Regulation Of Viral-Induced Cytoplasmic Pattern Recognition Receptor Signaling Pathway (GO:0039532),1/16,0.0770964289305897,0.1511565258998719,0,0,13.390572390572393,34.31599732708391,TNFAIP3
GO_Biological_Process_2023,Regulation Of Nucleocytoplasmic Transport (GO:0046822),1/16,0.0770964289305897,0.1511565258998719,0,0,13.390572390572393,34.31599732708391,MX2
GO_Biological_Process_2023,Cell Surface Toll-Like Receptor Signaling Pathway (GO:0140895),1/16,0.0770964289305897,0.1511565258998719,0,0,13.390572390572393,34.31599732708391,OAS1
GO_Biological_Process_2023,Regulation Of Secretion (GO:0051046),1/16,0.0770964289305897,0.1511565258998719,0,0,13.390572390572393,34.31599732708391,OAS2
GO_Biological_Process_2023,Reverse Cholesterol Transport (GO:0043691),1/16,0.0770964289305897,0.1511565258998719,0,0,13.390572390572393,34.31599732708391,APOE
GO_Biological_Process_2023,Ruffle Organization (GO:0031529),1/16,0.0770964289305897,0.1511565258998719,0,0,13.390572390572393,34.31599732708391,PLEK
GO_Biological_Process_2023,Positive Regulation Of Homotypic Cell-Cell Adhesion (GO:0034112),1/16,0.0770964289305897,0.1511565258998719,0,0,13.390572390572393,34.31599732708391,PLAUR
GO_Biological_Process_2023,"Synaptic Transmission, Cholinergic (GO:0007271)",1/16,0.0770964289305897,0.1511565258998719,0,0,13.390572390572393,34.31599732708391,APOE
GO_Biological_Process_2023,Positive Regulation Of Positive Chemotaxis (GO:0050927),1/16,0.0770964289305897,0.1511565258998719,0,0,13.390572390572393,34.31599732708391,CXCL8
GO_Biological_Process_2023,Protein Localization To Endoplasmic Reticulum (GO:0070972),1/16,0.0770964289305897,0.1511565258998719,0,0,13.390572390572393,34.31599732708391,PPP1R15A
GO_Biological_Process_2023,Protein Localization To Mitochondrion (GO:0070585),1/16,0.0770964289305897,0.1511565258998719,0,0,13.390572390572393,34.31599732708391,ISG15
GO_Biological_Process_2023,Negative Regulation Of ATP-dependent Activity (GO:0032780),1/16,0.0770964289305897,0.1511565258998719,0,0,13.390572390572393,34.31599732708391,IFIT1
GO_Biological_Process_2023,Negative Regulation Of Amyloid-Beta Formation (GO:1902430),1/16,0.0770964289305897,0.1511565258998719,0,0,13.390572390572393,34.31599732708391,APOE
GO_Biological_Process_2023,Negative Regulation Of Anoikis (GO:2000811),1/16,0.0770964289305897,0.1511565258998719,0,0,13.390572390572393,34.31599732708391,CEACAM5
GO_Biological_Process_2023,Negative Regulation Of Cytokine Production Involved In Immune Response (GO:0002719),1/16,0.0770964289305897,0.1511565258998719,0,0,13.390572390572393,34.31599732708391,HLA-F
GO_Biological_Process_2023,Positive Regulation Of Protein Catabolic Process (GO:0045732),2/92,0.0775653030615549,0.1518158495820177,0,0,4.492063492063492,11.484567093173029,TNFAIP3;APOE
GO_Biological_Process_2023,Regulation Of Endothelial Cell Proliferation (GO:0001936),2/93,0.0790200821692442,0.1541362761222908,0,0,4.442475891455484,11.27524039277228,STAT1;APOE
GO_Biological_Process_2023,Positive Regulation Of Cellular Component Biogenesis (GO:0044089),2/93,0.0790200821692442,0.1541362761222908,0,0,4.442475891455484,11.27524039277228,CLEC7A;PLEK
GO_Biological_Process_2023,Organic Substance Transport (GO:0071702),3/201,0.0798258760090027,0.1546500072874896,0,0,3.077475788815995,7.779574331724068,CCL3;TAP1;APOL2
GO_Biological_Process_2023,T Cell Migration (GO:0072678),1/17,0.0817146326715556,0.1546500072874896,0,0,12.553030303030305,31.43934295429433,CCL3
GO_Biological_Process_2023,Negative Regulation Of Striated Muscle Cell Differentiation (GO:0051154),1/17,0.0817146326715556,0.1546500072874896,0,0,12.553030303030305,31.43934295429433,CEACAM5
GO_Biological_Process_2023,Amyloid Precursor Protein Metabolic Process (GO:0042982),1/17,0.0817146326715556,0.1546500072874896,0,0,12.553030303030305,31.43934295429433,APOE
GO_Biological_Process_2023,Negative Regulation Of Ubiquitin-Protein Transferase Activity (GO:0051444),1/17,0.0817146326715556,0.1546500072874896,0,0,12.553030303030305,31.43934295429433,DTX3L
GO_Biological_Process_2023,Regulation Of Mitotic Cell Cycle Spindle Assembly Checkpoint (GO:0090266),1/17,0.0817146326715556,0.1546500072874896,0,0,12.553030303030305,31.43934295429433,DUSP1
GO_Biological_Process_2023,Neuron Maturation (GO:0042551),1/17,0.0817146326715556,0.1546500072874896,0,0,12.553030303030305,31.43934295429433,C1QA
GO_Biological_Process_2023,Carbohydrate Derivative Transport (GO:1901264),1/17,0.0817146326715556,0.1546500072874896,0,0,12.553030303030305,31.43934295429433,SLC15A3
GO_Biological_Process_2023,Peptidyl-Threonine Dephosphorylation (GO:0035970),1/17,0.0817146326715556,0.1546500072874896,0,0,12.553030303030305,31.43934295429433,DUSP5
GO_Biological_Process_2023,Regulation Of Single Stranded Viral RNA Replication Via Double Stranded DNA Intermediate (GO:0045091),1/17,0.0817146326715556,0.1546500072874896,0,0,12.553030303030305,31.43934295429433,CXCL8
GO_Biological_Process_2023,Cellular Response To Glucocorticoid Stimulus (GO:0071385),1/17,0.0817146326715556,0.1546500072874896,0,0,12.553030303030305,31.43934295429433,ZFP36
GO_Biological_Process_2023,Regulation Of Viral Transcription (GO:0046782),1/17,0.0817146326715556,0.1546500072874896,0,0,12.553030303030305,31.43934295429433,ZFP36
GO_Biological_Process_2023,Response To Acidic pH (GO:0010447),1/17,0.0817146326715556,0.1546500072874896,0,0,12.553030303030305,31.43934295429433,CTSS
GO_Biological_Process_2023,Response To Interferon-Alpha (GO:0035455),1/17,0.0817146326715556,0.1546500072874896,0,0,12.553030303030305,31.43934295429433,MX2
GO_Biological_Process_2023,Toll-Like Receptor 4 Signaling Pathway (GO:0034142),1/17,0.0817146326715556,0.1546500072874896,0,0,12.553030303030305,31.43934295429433,OAS1
GO_Biological_Process_2023,Positive Regulation Of Nitric-Oxide Synthase Activity (GO:0051000),1/17,0.0817146326715556,0.1546500072874896,0,0,12.553030303030305,31.43934295429433,APOE
GO_Biological_Process_2023,Protein Localization To Centrosome (GO:0071539),1/17,0.0817146326715556,0.1546500072874896,0,0,12.553030303030305,31.43934295429433,SNX10
GO_Biological_Process_2023,Myeloid Cell Activation Involved In Immune Response (GO:0002275),1/17,0.0817146326715556,0.1546500072874896,0,0,12.553030303030305,31.43934295429433,IFI35
GO_Biological_Process_2023,T Cell Receptor Signaling Pathway (GO:0050852),2/95,0.0819552402371426,0.1548494225602777,0,0,4.346499890278692,10.873126025503971,BTN3A2;HLA-A
GO_Biological_Process_2023,Positive Regulation Of Supramolecular Fiber Organization (GO:1902905),2/96,0.0834353800745875,0.1563685141415011,0,0,4.300043421623969,10.679944049183517,PLEK;APOE
GO_Biological_Process_2023,Regulation Of Angiogenesis (GO:0045765),3/205,0.083541376076087,0.1563685141415011,0,0,3.015923241808717,7.486767810376172,CXCL8;STAT1;TNFAIP3
GO_Biological_Process_2023,Regulation Of Defense Response (GO:0031347),2/97,0.0849237360045432,0.1563685141415011,0,0,4.254564983888292,10.49176426482804,IRF1;APOE
GO_Biological_Process_2023,3'-UTR-mediated mRNA Stabilization (GO:0070935),1/18,0.0863099571505927,0.1563685141415011,0,0,11.81402257872846,28.942114306609312,ZFP36
GO_Biological_Process_2023,Regulation Of Defense Response To Virus (GO:0050688),1/18,0.0863099571505927,0.1563685141415011,0,0,11.81402257872846,28.942114306609312,TNFAIP3
GO_Biological_Process_2023,Regulation Of Epidermal Cell Differentiation (GO:0045604),1/18,0.0863099571505927,0.1563685141415011,0,0,11.81402257872846,28.942114306609312,ZFP36
GO_Biological_Process_2023,Negative Regulation Of Lipid Catabolic Process (GO:0050995),1/18,0.0863099571505927,0.1563685141415011,0,0,11.81402257872846,28.942114306609312,APOC1
GO_Biological_Process_2023,Negative Regulation Of Nervous System Development (GO:0051961),1/18,0.0863099571505927,0.1563685141415011,0,0,11.81402257872846,28.942114306609312,B2M
GO_Biological_Process_2023,Regulation Of Lymphocyte Activation (GO:0051249),1/18,0.0863099571505927,0.1563685141415011,0,0,11.81402257872846,28.942114306609312,CLEC7A
GO_Biological_Process_2023,Regulation Of Mitochondrial Membrane Permeability (GO:0046902),1/18,0.0863099571505927,0.1563685141415011,0,0,11.81402257872846,28.942114306609312,PMAIP1
GO_Biological_Process_2023,Regulation Of Nervous System Process (GO:0031644),1/18,0.0863099571505927,0.1563685141415011,0,0,11.81402257872846,28.942114306609312,TYMP
GO_Biological_Process_2023,Neutrophil Activation (GO:0042119),1/18,0.0863099571505927,0.1563685141415011,0,0,11.81402257872846,28.942114306609312,CXCL8
GO_Biological_Process_2023,Nitric Oxide Mediated Signal Transduction (GO:0007263),1/18,0.0863099571505927,0.1563685141415011,0,0,11.81402257872846,28.942114306609312,APOE
GO_Biological_Process_2023,Peptide Antigen Assembly With MHC Protein Complex (GO:0002501),1/18,0.0863099571505927,0.1563685141415011,0,0,11.81402257872846,28.942114306609312,HLA-DQA1
GO_Biological_Process_2023,Positive Regulation Of NLRP3 Inflammasome Complex Assembly (GO:1900227),1/18,0.0863099571505927,0.1563685141415011,0,0,11.81402257872846,28.942114306609312,GBP5
GO_Biological_Process_2023,Response To Cholesterol (GO:0070723),1/18,0.0863099571505927,0.1563685141415011,0,0,11.81402257872846,28.942114306609312,CCL3
GO_Biological_Process_2023,Positive Regulation Of Cation Transmembrane Transport (GO:1904064),1/18,0.0863099571505927,0.1563685141415011,0,0,11.81402257872846,28.942114306609312,CTSS
GO_Biological_Process_2023,Response To Organophosphorus (GO:0046683),1/18,0.0863099571505927,0.1563685141415011,0,0,11.81402257872846,28.942114306609312,STAT1
GO_Biological_Process_2023,Positive Regulation Of Interleukin-4 Production (GO:0032753),1/18,0.0863099571505927,0.1563685141415011,0,0,11.81402257872846,28.942114306609312,HLA-E
GO_Biological_Process_2023,Positive Regulation Of Monocyte Chemotaxis (GO:0090026),1/18,0.0863099571505927,0.1563685141415011,0,0,11.81402257872846,28.942114306609312,CXCL17
GO_Biological_Process_2023,Positive Regulation Of Neutrophil Chemotaxis (GO:0090023),1/18,0.0863099571505927,0.1563685141415011,0,0,11.81402257872846,28.942114306609312,CXCL8
GO_Biological_Process_2023,Positive Regulation Of Phosphoprotein Phosphatase Activity (GO:0032516),1/18,0.0863099571505927,0.1563685141415011,0,0,11.81402257872846,28.942114306609312,PPP1R15A
GO_Biological_Process_2023,Positive Regulation Of Response To Endoplasmic Reticulum Stress (GO:1905898),1/18,0.0863099571505927,0.1563685141415011,0,0,11.81402257872846,28.942114306609312,PMAIP1
GO_Biological_Process_2023,Regulation Of RIG-I Signaling Pathway (GO:0039535),1/18,0.0863099571505927,0.1563685141415011,0,0,11.81402257872846,28.942114306609312,DDX60
GO_Biological_Process_2023,Negative Regulation Of T Cell Receptor Signaling Pathway (GO:0050860),1/18,0.0863099571505927,0.1563685141415011,0,0,11.81402257872846,28.942114306609312,GBP1
GO_Biological_Process_2023,Negative Regulation Of Amyloid Precursor Protein Catabolic Process (GO:1902992),1/18,0.0863099571505927,0.1563685141415011,0,0,11.81402257872846,28.942114306609312,APOE
GO_Biological_Process_2023,Negative Regulation Of Transcription By RNA Polymerase II (GO:0000122),7/763,0.0877587634506074,0.158742155056786,0,0,1.9060135404221423,4.637642678536493,ZFP36;ZEB2;STAT1;IRF7;FOSB;MXD1;PARP9
GO_Biological_Process_2023,Negative Regulation Of Fatty Acid Metabolic Process (GO:0045922),1/19,0.0908825145361798,0.1615845949439843,0,0,11.15712682379349,26.75688382123247,APOC1
GO_Biological_Process_2023,Negative Regulation Of Leukocyte Cell-Cell Adhesion (GO:1903038),1/19,0.0908825145361798,0.1615845949439843,0,0,11.15712682379349,26.75688382123247,TIGIT
GO_Biological_Process_2023,Regulation Of Granulocyte Chemotaxis (GO:0071622),1/19,0.0908825145361798,0.1615845949439843,0,0,11.15712682379349,26.75688382123247,CXCL17
GO_Biological_Process_2023,Negative Regulation Of Protein Dephosphorylation (GO:0035308),1/19,0.0908825145361798,0.1615845949439843,0,0,11.15712682379349,26.75688382123247,PPP1R15A
GO_Biological_Process_2023,Regulation Of Smooth Muscle Cell Migration (GO:0014910),1/19,0.0908825145361798,0.1615845949439843,0,0,11.15712682379349,26.75688382123247,PLAU
GO_Biological_Process_2023,Cellular Response To Lectin (GO:1990858),1/19,0.0908825145361798,0.1615845949439843,0,0,11.15712682379349,26.75688382123247,CLEC7A
GO_Biological_Process_2023,Release Of Cytochrome C From Mitochondria (GO:0001836),1/19,0.0908825145361798,0.1615845949439843,0,0,11.15712682379349,26.75688382123247,IFI6
GO_Biological_Process_2023,Cortical Actin Cytoskeleton Organization (GO:0030866),1/19,0.0908825145361798,0.1615845949439843,0,0,11.15712682379349,26.75688382123247,PLEK
GO_Biological_Process_2023,Stimulatory C-type Lectin Receptor Signaling Pathway (GO:0002223),1/19,0.0908825145361798,0.1615845949439843,0,0,11.15712682379349,26.75688382123247,CLEC7A
GO_Biological_Process_2023,Immunoglobulin Production Involved In Immunoglobulin-Mediated Immune Response (GO:0002381),1/19,0.0908825145361798,0.1615845949439843,0,0,11.15712682379349,26.75688382123247,HLA-DQA1
GO_Biological_Process_2023,Negative Regulation Of Cyclin-Dependent Protein Serine/Threonine Kinase Activity (GO:0045736),1/19,0.0908825145361798,0.1615845949439843,0,0,11.15712682379349,26.75688382123247,CDKN2A
GO_Biological_Process_2023,Regulation Of Protein Secretion (GO:0050708),2/102,0.0924846891098034,0.1641782465592634,0,0,4.040816326530612,9.62002061056518,RSAD2;APOE
GO_Biological_Process_2023,Negative Regulation Of Apoptotic Process (GO:0043066),5/482,0.0941585982225898,0.1647878386127782,0,0,2.1431093456912724,5.063684548462331,CEACAM5;PLAUR;IFI6;APOE;IFIT3
GO_Biological_Process_2023,DNA Methylation (GO:0006306),1/20,0.0954324164624814,0.1647878386127782,0,0,10.569377990430622,24.83103038927071,FOS
GO_Biological_Process_2023,Negative Regulation Of Phosphoprotein Phosphatase Activity (GO:0032515),1/20,0.0954324164624814,0.1647878386127782,0,0,10.569377990430622,24.83103038927071,PPP1R15A
GO_Biological_Process_2023,Negative Regulation Of Protein Localization To Cell Periphery (GO:1904376),1/20,0.0954324164624814,0.1647878386127782,0,0,10.569377990430622,24.83103038927071,GBP1
GO_Biological_Process_2023,Negative Regulation Of Protein Localization To Plasma Membrane (GO:1903077),1/20,0.0954324164624814,0.1647878386127782,0,0,10.569377990430622,24.83103038927071,GBP1
GO_Biological_Process_2023,Negative Regulation Of Reproductive Process (GO:2000242),1/20,0.0954324164624814,0.1647878386127782,0,0,10.569377990430622,24.83103038927071,DUSP1
GO_Biological_Process_2023,Regulation Of Macrophage Chemotaxis (GO:0010758),1/20,0.0954324164624814,0.1647878386127782,0,0,10.569377990430622,24.83103038927071,CXCL17
GO_Biological_Process_2023,Regulation Of Meiotic Cell Cycle (GO:0051445),1/20,0.0954324164624814,0.1647878386127782,0,0,10.569377990430622,24.83103038927071,DUSP1
GO_Biological_Process_2023,Nuclear-Transcribed mRNA poly(A) Tail Shortening (GO:0000289),1/20,0.0954324164624814,0.1647878386127782,0,0,10.569377990430622,24.83103038927071,ZFP36
GO_Biological_Process_2023,Regulation Of Protein Localization To Cell Periphery (GO:1904375),1/20,0.0954324164624814,0.1647878386127782,0,0,10.569377990430622,24.83103038927071,GBP1
GO_Biological_Process_2023,Cell Projection Organization (GO:0030030),1/20,0.0954324164624814,0.1647878386127782,0,0,10.569377990430622,24.83103038927071,PLEK
GO_Biological_Process_2023,Endothelial Cell Development (GO:0001885),1/20,0.0954324164624814,0.1647878386127782,0,0,10.569377990430622,24.83103038927071,ICAM1
GO_Biological_Process_2023,Positive Regulation Of Leukocyte Activation (GO:0002696),1/20,0.0954324164624814,0.1647878386127782,0,0,10.569377990430622,24.83103038927071,CLEC7A
GO_Biological_Process_2023,Lipopolysaccharide-Mediated Signaling Pathway (GO:0031663),1/20,0.0954324164624814,0.1647878386127782,0,0,10.569377990430622,24.83103038927071,CCL3
GO_Biological_Process_2023,Microglial Cell Activation (GO:0001774),1/20,0.0954324164624814,0.1647878386127782,0,0,10.569377990430622,24.83103038927071,C1QA
GO_Biological_Process_2023,Negative Regulation Of B Cell Activation (GO:0050869),1/20,0.0954324164624814,0.1647878386127782,0,0,10.569377990430622,24.83103038927071,TNFAIP3
GO_Biological_Process_2023,Regulation Of Calcium Ion Import (GO:0090279),1/20,0.0954324164624814,0.1647878386127782,0,0,10.569377990430622,24.83103038927071,CCL3
GO_Biological_Process_2023,Negative Regulation Of Cyclin-Dependent Protein Kinase Activity (GO:1904030),1/20,0.0954324164624814,0.1647878386127782,0,0,10.569377990430622,24.83103038927071,CDKN2A
GO_Biological_Process_2023,Positive Regulation Of Inflammatory Response (GO:0050729),2/104,0.0955625544444408,0.1647878386127782,0,0,3.961184473789516,9.300759047174036,CCL3;IFI35
GO_Biological_Process_2023,Regulation Of Neuron Apoptotic Process (GO:0043523),2/105,0.0971124998083676,0.1672087402715503,0,0,3.9225282345948087,9.146885461046203,CCL3;APOE
GO_Biological_Process_2023,Positive Regulation Of Transcription By RNA Polymerase II (GO:0045944),8/938,0.0974535486331445,0.167544013791217,0,0,1.7737260402057036,4.129907242043416,ZEB2;STAT1;IRF1;NAMPT;IRF7;NLRC5;FOS;JUNB
GO_Biological_Process_2023,Positive Regulation Of Cell Motility (GO:2000147),3/221,0.0991226873008844,0.1685625055481771,0,0,2.7923011444244774,6.454116294081024,PLAU;CLEC7A;CCL3
GO_Biological_Process_2023,Negative Regulation Of Osteoclast Differentiation (GO:0045671),1/21,0.0999597740324998,0.1685625055481771,0,0,10.04040404040404,23.1229243332888,CCL3
GO_Biological_Process_2023,Regulation Of Membrane Protein Ectodomain Proteolysis (GO:0051043),1/21,0.0999597740324998,0.1685625055481771,0,0,10.04040404040404,23.1229243332888,APOE
GO_Biological_Process_2023,Regulation Of Steroid Metabolic Process (GO:0019218),1/21,0.0999597740324998,0.1685625055481771,0,0,10.04040404040404,23.1229243332888,APOE
GO_Biological_Process_2023,Regulation Of Transferase Activity (GO:0051338),1/21,0.0999597740324998,0.1685625055481771,0,0,10.04040404040404,23.1229243332888,NLRC5
GO_Biological_Process_2023,Response To Cadmium Ion (GO:0046686),1/21,0.0999597740324998,0.1685625055481771,0,0,10.04040404040404,23.1229243332888,FOS
GO_Biological_Process_2023,Positive Regulation Of Blood Coagulation (GO:0030194),1/21,0.0999597740324998,0.1685625055481771,0,0,10.04040404040404,23.1229243332888,PLAU
GO_Biological_Process_2023,Positive Regulation Of Granulocyte Chemotaxis (GO:0071624),1/21,0.0999597740324998,0.1685625055481771,0,0,10.04040404040404,23.1229243332888,CXCL8
GO_Biological_Process_2023,Positive Regulation Of Signal Transduction By P53 Class Mediator (GO:1901798),1/21,0.0999597740324998,0.1685625055481771,0,0,10.04040404040404,23.1229243332888,PMAIP1
GO_Biological_Process_2023,Purine Nucleotide Biosynthetic Process (GO:0006164),1/21,0.0999597740324998,0.1685625055481771,0,0,10.04040404040404,23.1229243332888,NAMPT
GO_Biological_Process_2023,Modulation By Symbiont Of Entry Into Host (GO:0052372),1/21,0.0999597740324998,0.1685625055481771,0,0,10.04040404040404,23.1229243332888,CXCL8
GO_Biological_Process_2023,Regulation Of Anoikis (GO:2000209),1/21,0.0999597740324998,0.1685625055481771,0,0,10.04040404040404,23.1229243332888,CEACAM5
GO_Biological_Process_2023,Negative Regulation Of Biomineral Tissue Development (GO:0070168),1/21,0.0999597740324998,0.1685625055481771,0,0,10.04040404040404,23.1229243332888,CCL3
GO_Biological_Process_2023,Positive Regulation Of Metabolic Process (GO:0009893),2/108,0.1018050719773058,0.1711700549398167,0,0,3.81093569503273,8.70682707358352,CLEC7A;G0S2
GO_Biological_Process_2023,Lipid Transport (GO:0006869),2/108,0.1018050719773058,0.1711700549398167,0,0,3.81093569503273,8.70682707358352,APOE;APOL2
GO_Biological_Process_2023,Positive Regulation Of Wnt Signaling Pathway (GO:0030177),2/109,0.1033831480896997,0.172103710795504,0,0,3.775128743086019,8.566949896272241,ZEB2;TNFAIP3
GO_Biological_Process_2023,Protein Polyubiquitination (GO:0000209),3/226,0.1042175081384444,0.172103710795504,0,0,2.729000046229948,6.171019960005199,DTX3L;TNFAIP3;UBE2L6
GO_Biological_Process_2023,Negative Regulation Of Extrinsic Apoptotic Signaling Pathway In Absence Of Ligand (GO:2001240),1/22,0.104464697819105,0.172103710795504,0,0,9.561808561808562,21.59922753970687,IFI6
GO_Biological_Process_2023,NAD Metabolic Process (GO:0019674),1/22,0.104464697819105,0.172103710795504,0,0,9.561808561808562,21.59922753970687,NAMPT
GO_Biological_Process_2023,Negative Regulation Of Myeloid Cell Differentiation (GO:0045638),1/22,0.104464697819105,0.172103710795504,0,0,9.561808561808562,21.59922753970687,ZFP36
GO_Biological_Process_2023,Negative Regulation Of Signal Transduction In Absence Of Ligand (GO:1901099),1/22,0.104464697819105,0.172103710795504,0,0,9.561808561808562,21.59922753970687,IFI6
GO_Biological_Process_2023,Regulation Of Mononuclear Cell Migration (GO:0071675),1/22,0.104464697819105,0.172103710795504,0,0,9.561808561808562,21.59922753970687,CXCL17
GO_Biological_Process_2023,Regulation Of Regulatory T Cell Differentiation (GO:0045589),1/22,0.104464697819105,0.172103710795504,0,0,9.561808561808562,21.59922753970687,IRF1
GO_Biological_Process_2023,Cellular Response To Cadmium Ion (GO:0071276),1/22,0.104464697819105,0.172103710795504,0,0,9.561808561808562,21.59922753970687,FOS
GO_Biological_Process_2023,Cellular Response To Low-Density Lipoprotein Particle Stimulus (GO:0071404),1/22,0.104464697819105,0.172103710795504,0,0,9.561808561808562,21.59922753970687,CD68
GO_Biological_Process_2023,Positive Regulation Of Cholesterol Efflux (GO:0010875),1/22,0.104464697819105,0.172103710795504,0,0,9.561808561808562,21.59922753970687,APOE
GO_Biological_Process_2023,Natural Killer Cell Activation Involved In Immune Response (GO:0002323),1/22,0.104464697819105,0.172103710795504,0,0,9.561808561808562,21.59922753970687,FCGR3A
GO_Biological_Process_2023,Natural Killer Cell Mediated Immunity (GO:0002228),1/22,0.104464697819105,0.172103710795504,0,0,9.561808561808562,21.59922753970687,FCGR3A
GO_Biological_Process_2023,Negative Regulation Of Cell Development (GO:0010721),1/22,0.104464697819105,0.172103710795504,0,0,9.561808561808562,21.59922753970687,B2M
GO_Biological_Process_2023,Small GTPase Mediated Signal Transduction (GO:0007264),2/112,0.1081575453020714,0.1764422291686812,0,0,3.6716141001855287,8.166280575904093,RASGEF1B;CDKN2A
GO_Biological_Process_2023,Regulation Of Cholesterol Metabolic Process (GO:0090181),1/23,0.1089472978360328,0.1764422291686812,0,0,9.1267217630854,20.232947516534363,APOE
GO_Biological_Process_2023,Regulation Of Cholesterol Transport (GO:0032374),1/23,0.1089472978360328,0.1764422291686812,0,0,9.1267217630854,20.232947516534363,APOC1
GO_Biological_Process_2023,Negative Regulation Of Neuron Differentiation (GO:0045665),1/23,0.1089472978360328,0.1764422291686812,0,0,9.1267217630854,20.232947516534363,B2M
GO_Biological_Process_2023,Regulation Of Interleukin-4 Production (GO:0032673),1/23,0.1089472978360328,0.1764422291686812,0,0,9.1267217630854,20.232947516534363,HLA-E
GO_Biological_Process_2023,Regulation Of Lipid Catabolic Process (GO:0050994),1/23,0.1089472978360328,0.1764422291686812,0,0,9.1267217630854,20.232947516534363,APOC1
GO_Biological_Process_2023,Adaptive Immune Response Based On Somatic Recombination Of Immune Receptors Built From Immunoglobulin Superfamily Domains (GO:0002460),1/23,0.1089472978360328,0.1764422291686812,0,0,9.1267217630854,20.232947516534363,BTN3A2
GO_Biological_Process_2023,Regulation Of Myotube Differentiation (GO:0010830),1/23,0.1089472978360328,0.1764422291686812,0,0,9.1267217630854,20.232947516534363,CEACAM5
GO_Biological_Process_2023,"Regulation Of Nuclear-Transcribed mRNA Catabolic Process, Deadenylation-Dependent Decay (GO:1900151)",1/23,0.1089472978360328,0.1764422291686812,0,0,9.1267217630854,20.232947516534363,ZFP36
GO_Biological_Process_2023,Positive Regulation Of Neuron Apoptotic Process (GO:0043525),1/23,0.1089472978360328,0.1764422291686812,0,0,9.1267217630854,20.232947516534363,CCL3
GO_Biological_Process_2023,Positive Regulation Of Neutrophil Migration (GO:1902624),1/23,0.1089472978360328,0.1764422291686812,0,0,9.1267217630854,20.232947516534363,CXCL8
GO_Biological_Process_2023,Long-Chain Fatty Acid Transport (GO:0015909),1/23,0.1089472978360328,0.1764422291686812,0,0,9.1267217630854,20.232947516534363,APOE
GO_Biological_Process_2023,Positive Regulation Of Macromolecule Metabolic Process (GO:0010604),4/364,0.1096794844756466,0.1772602960749621,0,0,2.261574074074074,4.9985150608465005,CXCL8;DTX3L;CLEC7A;CCL3
GO_Biological_Process_2023,Regulation Of Protein Ubiquitination (GO:0031396),2/113,0.109762052329387,0.1772602960749621,0,0,3.638352638352639,8.038723369904124,TNFAIP3;ISG15
GO_Biological_Process_2023,Response To Endoplasmic Reticulum Stress (GO:0034976),2/114,0.1113729080000625,0.1778791749318801,0,0,3.6056851311953353,7.914014366919983,PPP1R15A;CXCL8
GO_Biological_Process_2023,Regulation Of MAP Kinase Activity (GO:0043405),2/114,0.1113729080000625,0.1778791749318801,0,0,3.6056851311953353,7.914014366919983,DUSP1;APOE
GO_Biological_Process_2023,Regulation Of Cysteine-Type Endopeptidase Activity (GO:2000116),1/24,0.113407683581024,0.1778791749318801,0,0,8.729468599033817,19.002011610155247,PSMB9
GO_Biological_Process_2023,ERK1 And ERK2 Cascade (GO:0070371),1/24,0.113407683581024,0.1778791749318801,0,0,8.729468599033817,19.002011610155247,DUSP5
GO_Biological_Process_2023,Regulation Of Endoplasmic Reticulum Stress-Induced Intrinsic Apoptotic Signaling Pathway (GO:1902235),1/24,0.113407683581024,0.1778791749318801,0,0,8.729468599033817,19.002011610155247,PMAIP1
GO_Biological_Process_2023,Fc-gamma Receptor Signaling Pathway (GO:0038094),1/24,0.113407683581024,0.1778791749318801,0,0,8.729468599033817,19.002011610155247,FCGR3A
GO_Biological_Process_2023,Regulation Of Heterotypic Cell-Cell Adhesion (GO:0034114),1/24,0.113407683581024,0.1778791749318801,0,0,8.729468599033817,19.002011610155247,IL1RN
GO_Biological_Process_2023,Negative Regulation Of Ossification (GO:0030279),1/24,0.113407683581024,0.1778791749318801,0,0,8.729468599033817,19.002011610155247,CCL3
GO_Biological_Process_2023,Acylglycerol Homeostasis (GO:0055090),1/24,0.113407683581024,0.1778791749318801,0,0,8.729468599033817,19.002011610155247,APOE
GO_Biological_Process_2023,Amyloid Fibril Formation (GO:1990000),1/24,0.113407683581024,0.1778791749318801,0,0,8.729468599033817,19.002011610155247,B2M
GO_Biological_Process_2023,Regulation Of Supramolecular Fiber Organization (GO:1902903),1/24,0.113407683581024,0.1778791749318801,0,0,8.729468599033817,19.002011610155247,APOE
GO_Biological_Process_2023,Positive Regulation Of ERBB Signaling Pathway (GO:1901186),1/24,0.113407683581024,0.1778791749318801,0,0,8.729468599033817,19.002011610155247,PLAUR
GO_Biological_Process_2023,Response To Purine-Containing Compound (GO:0014074),1/24,0.113407683581024,0.1778791749318801,0,0,8.729468599033817,19.002011610155247,STAT1
GO_Biological_Process_2023,Positive Regulation Of Cellular Response To Transforming Growth Factor Beta Stimulus (GO:1903846),1/24,0.113407683581024,0.1778791749318801,0,0,8.729468599033817,19.002011610155247,ZEB2
GO_Biological_Process_2023,Positive Regulation Of Lipid Metabolic Process (GO:0045834),1/24,0.113407683581024,0.1778791749318801,0,0,8.729468599033817,19.002011610155247,APOE
GO_Biological_Process_2023,Positive Regulation Of Transforming Growth Factor Beta Receptor Signaling Pathway (GO:0030511),1/24,0.113407683581024,0.1778791749318801,0,0,8.729468599033817,19.002011610155247,ZEB2
GO_Biological_Process_2023,Positive Regulation Of Vascular Endothelial Growth Factor Production (GO:0010575),1/24,0.113407683581024,0.1778791749318801,0,0,8.729468599033817,19.002011610155247,CXCL17
GO_Biological_Process_2023,Protein K48-linked Deubiquitination (GO:0071108),1/24,0.113407683581024,0.1778791749318801,0,0,8.729468599033817,19.002011610155247,TNFAIP3
GO_Biological_Process_2023,Protein Kinase B Signaling (GO:0043491),1/24,0.113407683581024,0.1778791749318801,0,0,8.729468599033817,19.002011610155247,CCL3
GO_Biological_Process_2023,Natural Killer Cell Mediated Cytotoxicity (GO:0042267),1/24,0.113407683581024,0.1778791749318801,0,0,8.729468599033817,19.002011610155247,FCGR3A
GO_Biological_Process_2023,Negative Regulation Of Antigen Receptor-Mediated Signaling Pathway (GO:0050858),1/24,0.113407683581024,0.1778791749318801,0,0,8.729468599033817,19.002011610155247,GBP1
GO_Biological_Process_2023,Negative Regulation Of Lipid Biosynthetic Process (GO:0051055),1/25,0.1178459640404217,0.1820966650827029,0,0,8.365319865319865,17.88820673407011,APOC1
GO_Biological_Process_2023,Negative Regulation Of Protein Localization To Membrane (GO:1905476),1/25,0.1178459640404217,0.1820966650827029,0,0,8.365319865319865,17.88820673407011,GBP1
GO_Biological_Process_2023,Regulation Of Keratinocyte Proliferation (GO:0010837),1/25,0.1178459640404217,0.1820966650827029,0,0,8.365319865319865,17.88820673407011,ZFP36
GO_Biological_Process_2023,Regulation Of Myelination (GO:0031641),1/25,0.1178459640404217,0.1820966650827029,0,0,8.365319865319865,17.88820673407011,TYMP
GO_Biological_Process_2023,Regulation Of Neutrophil Chemotaxis (GO:0090022),1/25,0.1178459640404217,0.1820966650827029,0,0,8.365319865319865,17.88820673407011,CXCL8
GO_Biological_Process_2023,Osteoclast Differentiation (GO:0030316),1/25,0.1178459640404217,0.1820966650827029,0,0,8.365319865319865,17.88820673407011,SNX10
GO_Biological_Process_2023,Response To dsRNA (GO:0043331),1/25,0.1178459640404217,0.1820966650827029,0,0,8.365319865319865,17.88820673407011,PMAIP1
GO_Biological_Process_2023,Positive Regulation Of Interleukin-2 Production (GO:0032743),1/25,0.1178459640404217,0.1820966650827029,0,0,8.365319865319865,17.88820673407011,CLEC7A
GO_Biological_Process_2023,Positive Regulation Of Peptidase Activity (GO:0010952),1/25,0.1178459640404217,0.1820966650827029,0,0,8.365319865319865,17.88820673407011,CTSS
GO_Biological_Process_2023,Regulation Of B Cell Activation (GO:0050864),1/25,0.1178459640404217,0.1820966650827029,0,0,8.365319865319865,17.88820673407011,TNFAIP3
GO_Biological_Process_2023,Regulation Of Cell Size (GO:0008361),1/25,0.1178459640404217,0.1820966650827029,0,0,8.365319865319865,17.88820673407011,PLEK
GO_Biological_Process_2023,Regulation Of Protein-Containing Complex Assembly (GO:0043254),2/119,0.1195188772922953,0.1844327688674908,0,0,3.450723879295308,7.330307004338375,CLEC7A;APOE
GO_Biological_Process_2023,Negative Regulation Of Interleukin-1 Beta Production (GO:0032691),1/26,0.1222622476286691,0.1856634927517589,0,0,8.030303030303031,16.876380218002918,TNFAIP3
GO_Biological_Process_2023,Fc Receptor Signaling Pathway (GO:0038093),1/26,0.1222622476286691,0.1856634927517589,0,0,8.030303030303031,16.876380218002918,FCGR3A
GO_Biological_Process_2023,Negative Regulation Of Lipid Metabolic Process (GO:0045833),1/26,0.1222622476286691,0.1856634927517589,0,0,8.030303030303031,16.876380218002918,APOC1
GO_Biological_Process_2023,Regulation Of Fatty Acid Biosynthetic Process (GO:0042304),1/26,0.1222622476286691,0.1856634927517589,0,0,8.030303030303031,16.876380218002918,APOC1
GO_Biological_Process_2023,Regulation Of Keratinocyte Differentiation (GO:0045616),1/26,0.1222622476286691,0.1856634927517589,0,0,8.030303030303031,16.876380218002918,ZFP36
GO_Biological_Process_2023,Negative Regulation Of Receptor-Mediated Endocytosis (GO:0048261),1/26,0.1222622476286691,0.1856634927517589,0,0,8.030303030303031,16.876380218002918,APOC1
GO_Biological_Process_2023,Acute Inflammatory Response (GO:0002526),1/26,0.1222622476286691,0.1856634927517589,0,0,8.030303030303031,16.876380218002918,APOL2
GO_Biological_Process_2023,Regulation Of Vascular Endothelial Growth Factor Production (GO:0010574),1/26,0.1222622476286691,0.1856634927517589,0,0,8.030303030303031,16.876380218002918,CXCL17
GO_Biological_Process_2023,Positive Regulation Of Erythrocyte Differentiation (GO:0045648),1/26,0.1222622476286691,0.1856634927517589,0,0,8.030303030303031,16.876380218002918,STAT1
GO_Biological_Process_2023,Positive Regulation Of Monooxygenase Activity (GO:0032770),1/26,0.1222622476286691,0.1856634927517589,0,0,8.030303030303031,16.876380218002918,APOE
GO_Biological_Process_2023,miRNA-mediated Gene Silencing (GO:0035195),1/26,0.1222622476286691,0.1856634927517589,0,0,8.030303030303031,16.876380218002918,ZFP36
GO_Biological_Process_2023,Regulation Of Actin Filament Bundle Assembly (GO:0032231),1/26,0.1222622476286691,0.1856634927517589,0,0,8.030303030303031,16.876380218002918,PLEK
GO_Biological_Process_2023,Negative Regulation Of Programmed Cell Death (GO:0043069),4/381,0.1238558405383523,0.187834354193925,0,0,2.157714412024757,4.506682083018896,CEACAM5;PLAUR;IFI6;IFIT3
GO_Biological_Process_2023,Regulation Of Protein Catabolic Process (GO:0042176),2/122,0.1244762469056777,0.1880281038350936,0,0,3.3639455782312924,7.0092528065471456,TNFAIP3;APOE
GO_Biological_Process_2023,Positive Regulation Of Macromolecule Biosynthetic Process (GO:0010557),2/122,0.1244762469056777,0.1880281038350936,0,0,3.3639455782312924,7.0092528065471456,NAMPT;NLRC5
GO_Biological_Process_2023,Receptor-Mediated Endocytosis (GO:0006898),2/122,0.1244762469056777,0.1880281038350936,0,0,3.3639455782312924,7.0092528065471456,CXCL8;APOE
GO_Biological_Process_2023,Regulation Of Extrinsic Apoptotic Signaling Pathway In Absence Of Ligand (GO:2001239),1/27,0.1266566423028266,0.1885849875640266,0,0,7.721056721056721,15.953830010816358,IFI6
GO_Biological_Process_2023,Negative Regulation Of Neurogenesis (GO:0050768),1/27,0.1266566423028266,0.1885849875640266,0,0,7.721056721056721,15.953830010816358,B2M
GO_Biological_Process_2023,T Cell Activation Involved In Immune Response (GO:0002286),1/27,0.1266566423028266,0.1885849875640266,0,0,7.721056721056721,15.953830010816358,ICAM1
GO_Biological_Process_2023,Regulation Of Immunoglobulin Production (GO:0002637),1/27,0.1266566423028266,0.1885849875640266,0,0,7.721056721056721,15.953830010816358,HLA-E
GO_Biological_Process_2023,Regulation Of Peptidase Activity (GO:0052547),1/27,0.1266566423028266,0.1885849875640266,0,0,7.721056721056721,15.953830010816358,CTSS
GO_Biological_Process_2023,Cellular Response To Epidermal Growth Factor Stimulus (GO:0071364),1/27,0.1266566423028266,0.1885849875640266,0,0,7.721056721056721,15.953830010816358,ZFP36
GO_Biological_Process_2023,Cortical Cytoskeleton Organization (GO:0030865),1/27,0.1266566423028266,0.1885849875640266,0,0,7.721056721056721,15.953830010816358,PLEK
GO_Biological_Process_2023,Positive Regulation Of Immune System Process (GO:0002684),1/27,0.1266566423028266,0.1885849875640266,0,0,7.721056721056721,15.953830010816358,RSAD2
GO_Biological_Process_2023,Positive Regulation Of Nitric Oxide Biosynthetic Process (GO:0045429),1/27,0.1266566423028266,0.1885849875640266,0,0,7.721056721056721,15.953830010816358,CLEC7A
GO_Biological_Process_2023,Positive Regulation Of Response To Wounding (GO:1903036),1/27,0.1266566423028266,0.1885849875640266,0,0,7.721056721056721,15.953830010816358,CLEC7A
GO_Biological_Process_2023,Negative Regulation Of NIK/NF-kappaB Signaling (GO:1901223),1/27,0.1266566423028266,0.1885849875640266,0,0,7.721056721056721,15.953830010816358,IFI35
GO_Biological_Process_2023,Regulation Of Glucose Metabolic Process (GO:0010906),1/28,0.1310292553948657,0.1925911391875754,0,0,7.434717545828657,15.109834134055738,PMAIP1
GO_Biological_Process_2023,Regulation Of Lipid Biosynthetic Process (GO:0046890),1/28,0.1310292553948657,0.1925911391875754,0,0,7.434717545828657,15.109834134055738,APOE
GO_Biological_Process_2023,Negative Regulation Of Wound Healing (GO:0061045),1/28,0.1310292553948657,0.1925911391875754,0,0,7.434717545828657,15.109834134055738,APOE
GO_Biological_Process_2023,Regulation Of Nitric-Oxide Synthase Activity (GO:0050999),1/28,0.1310292553948657,0.1925911391875754,0,0,7.434717545828657,15.109834134055738,APOE
GO_Biological_Process_2023,Regulation Of Platelet Activation (GO:0010543),1/28,0.1310292553948657,0.1925911391875754,0,0,7.434717545828657,15.109834134055738,PLEK
GO_Biological_Process_2023,Regulation Of Protein Localization To Membrane (GO:1905475),1/28,0.1310292553948657,0.1925911391875754,0,0,7.434717545828657,15.109834134055738,GBP1
GO_Biological_Process_2023,Positive Regulation Of Nitric Oxide Metabolic Process (GO:1904407),1/28,0.1310292553948657,0.1925911391875754,0,0,7.434717545828657,15.109834134055738,CLEC7A
GO_Biological_Process_2023,Hematopoietic Progenitor Cell Differentiation (GO:0002244),1/28,0.1310292553948657,0.1925911391875754,0,0,7.434717545828657,15.109834134055738,PLEK
GO_Biological_Process_2023,Protein Localization To Golgi Apparatus (GO:0034067),1/28,0.1310292553948657,0.1925911391875754,0,0,7.434717545828657,15.109834134055738,GBP5
GO_Biological_Process_2023,"Regulation Of DNA Damage Response, Signal Transduction By P53 Class Mediator (GO:0043516)",1/28,0.1310292553948657,0.1925911391875754,0,0,7.434717545828657,15.109834134055738,PMAIP1
GO_Biological_Process_2023,Regulation Of Developmental Growth (GO:0048638),1/29,0.13538019382269,0.1979697598045722,0,0,7.1688311688311686,14.335283778329618,APOE
GO_Biological_Process_2023,Response To Alcohol (GO:0097305),1/29,0.13538019382269,0.1979697598045722,0,0,7.1688311688311686,14.335283778329618,CCL3
GO_Biological_Process_2023,Defense Response To Fungus (GO:0050832),1/29,0.13538019382269,0.1979697598045722,0,0,7.1688311688311686,14.335283778329618,CLEC7A
GO_Biological_Process_2023,Positive Regulation Of Viral Genome Replication (GO:0045070),1/29,0.13538019382269,0.1979697598045722,0,0,7.1688311688311686,14.335283778329618,IFIT1
GO_Biological_Process_2023,Protein Homooligomerization (GO:0051260),2/129,0.1362302303723226,0.198958691041211,0,0,3.177406395629118,6.333870360024791,GBP5;B2M
GO_Biological_Process_2023,Positive Regulation Of Peptidyl-Tyrosine Phosphorylation (GO:0050731),2/130,0.1379293598318549,0.2011835885445526,0,0,3.152423469387755,6.244993797842871,PARP14;PARP9
GO_Biological_Process_2023,Negative Regulation Of Interleukin-1 Production (GO:0032692),1/30,0.1397095639188418,0.2017244018752508,0,0,6.921281783350749,13.622394510819325,TNFAIP3
GO_Biological_Process_2023,Negative Regulation Of Myeloid Leukocyte Differentiation (GO:0002762),1/30,0.1397095639188418,0.2017244018752508,0,0,6.921281783350749,13.622394510819325,CCL3
GO_Biological_Process_2023,Negative Regulation Of Peptidyl-Tyrosine Phosphorylation (GO:0050732),1/30,0.1397095639188418,0.2017244018752508,0,0,6.921281783350749,13.622394510819325,PARP14
GO_Biological_Process_2023,Response To Epidermal Growth Factor (GO:0070849),1/30,0.1397095639188418,0.2017244018752508,0,0,6.921281783350749,13.622394510819325,ZFP36
GO_Biological_Process_2023,Immunoglobulin Mediated Immune Response (GO:0016064),1/30,0.1397095639188418,0.2017244018752508,0,0,6.921281783350749,13.622394510819325,HLA-DQA1
GO_Biological_Process_2023,Innate Immune Response Activating Cell Surface Receptor Signaling Pathway (GO:0002220),1/30,0.1397095639188418,0.2017244018752508,0,0,6.921281783350749,13.622394510819325,CLEC7A
GO_Biological_Process_2023,Intrinsic Apoptotic Signaling Pathway In Response To Endoplasmic Reticulum Stress (GO:0070059),1/30,0.1397095639188418,0.2017244018752508,0,0,6.921281783350749,13.622394510819325,PPP1R15A
GO_Biological_Process_2023,Negative Regulation Of Carbohydrate Metabolic Process (GO:0045912),1/30,0.1397095639188418,0.2017244018752508,0,0,6.921281783350749,13.622394510819325,PLEK
GO_Biological_Process_2023,Plasma Membrane Bounded Cell Projection Organization (GO:0120036),2/132,0.1413417095746185,0.2038240018424914,0,0,3.1036106750392465,6.072446585747735,PLEK;APOE
GO_Biological_Process_2023,Regulation Of Long-Term Synaptic Potentiation (GO:1900271),1/31,0.1440174715013112,0.205099508543534,0,0,6.69023569023569,12.964476920040203,APOE
GO_Biological_Process_2023,Regulation Of Response To Biotic Stimulus (GO:0002831),1/31,0.1440174715013112,0.205099508543534,0,0,6.69023569023569,12.964476920040203,IRF1
GO_Biological_Process_2023,Positive Regulation Of Cholesterol Transport (GO:0032376),1/31,0.1440174715013112,0.205099508543534,0,0,6.69023569023569,12.964476920040203,APOE
GO_Biological_Process_2023,Positive Regulation Of Leukocyte Migration (GO:0002687),1/31,0.1440174715013112,0.205099508543534,0,0,6.69023569023569,12.964476920040203,ICAM1
GO_Biological_Process_2023,Toll-Like Receptor Signaling Pathway (GO:0002224),1/31,0.1440174715013112,0.205099508543534,0,0,6.69023569023569,12.964476920040203,CTSS
GO_Biological_Process_2023,Positive Regulation Of Mononuclear Cell Migration (GO:0071677),1/31,0.1440174715013112,0.205099508543534,0,0,6.69023569023569,12.964476920040203,CXCL17
GO_Biological_Process_2023,Triglyceride Homeostasis (GO:0070328),1/31,0.1440174715013112,0.205099508543534,0,0,6.69023569023569,12.964476920040203,APOE
GO_Biological_Process_2023,Leukocyte Cell-Cell Adhesion (GO:0007159),1/31,0.1440174715013112,0.205099508543534,0,0,6.69023569023569,12.964476920040203,ICAM1
GO_Biological_Process_2023,Receptor Signaling Pathway Via STAT (GO:0097696),1/31,0.1440174715013112,0.205099508543534,0,0,6.69023569023569,12.964476920040203,STAT1
GO_Biological_Process_2023,Negative Regulation Of Cell-Matrix Adhesion (GO:0001953),1/31,0.1440174715013112,0.205099508543534,0,0,6.69023569023569,12.964476920040203,CDKN2A
GO_Biological_Process_2023,Antigen Receptor-Mediated Signaling Pathway (GO:0050851),2/134,0.1447722616002044,0.2059183099779304,0,0,3.0562770562770565,5.906540809205433,HLA-A;BTN3A2
GO_Biological_Process_2023,Cellular Response To Metal Ion (GO:0071248),2/135,0.146494146719129,0.2081089305129066,0,0,3.03314408470155,5.82597157350083,FOS;B2M
GO_Biological_Process_2023,Regulation Of Cholesterol Efflux (GO:0010874),1/32,0.1483040219339779,0.2093811407082672,0,0,6.474095796676441,12.355752978101908,APOE
GO_Biological_Process_2023,Amide Transport (GO:0042886),1/32,0.1483040219339779,0.2093811407082672,0,0,6.474095796676441,12.355752978101908,TAP1
GO_Biological_Process_2023,Phosphatidylinositol 3-Kinase Signaling (GO:0014065),1/32,0.1483040219339779,0.2093811407082672,0,0,6.474095796676441,12.355752978101908,FCGR3A
GO_Biological_Process_2023,Regulation Of Ubiquitin-Protein Transferase Activity (GO:0051438),1/32,0.1483040219339779,0.2093811407082672,0,0,6.474095796676441,12.355752978101908,DTX3L
GO_Biological_Process_2023,Mitochondrial Membrane Organization (GO:0007006),1/32,0.1483040219339779,0.2093811407082672,0,0,6.474095796676441,12.355752978101908,PMAIP1
GO_Biological_Process_2023,Negative Regulation Of Signal Transduction (GO:0009968),3/267,0.1495651244370655,0.2109015609365025,0,0,2.300374882849109,4.370766028065756,CXCL8;PLEK;TNFAIP3
GO_Biological_Process_2023,Negative Regulation Of Cellular Biosynthetic Process (GO:0031327),2/137,0.1499507080843318,0.2111851915824845,0,0,2.9879062736205597,5.669398730173793,PLEK;APOC1
GO_Biological_Process_2023,Negative Regulation Of Endocytosis (GO:0045806),1/33,0.152569319997184,0.2114913697297527,0,0,6.271464646464646,11.79120788980768,APOC1
GO_Biological_Process_2023,Negative Regulation Of Epithelial Cell Migration (GO:0010633),1/33,0.152569319997184,0.2114913697297527,0,0,6.271464646464646,11.79120788980768,APOE
GO_Biological_Process_2023,Positive Regulation Of DNA Binding (GO:0043388),1/33,0.152569319997184,0.2114913697297527,0,0,6.271464646464646,11.79120788980768,PLAUR
GO_Biological_Process_2023,Signal Transduction By P53 Class Mediator (GO:0072331),1/33,0.152569319997184,0.2114913697297527,0,0,6.271464646464646,11.79120788980768,PMAIP1
GO_Biological_Process_2023,Positive Regulation Of Epidermal Growth Factor Receptor Signaling Pathway (GO:0045742),1/33,0.152569319997184,0.2114913697297527,0,0,6.271464646464646,11.79120788980768,PLAUR
GO_Biological_Process_2023,Positive Regulation Of Interleukin-12 Production (GO:0032735),1/33,0.152569319997184,0.2114913697297527,0,0,6.271464646464646,11.79120788980768,CLEC7A
GO_Biological_Process_2023,Positive Regulation Of Ion Transmembrane Transporter Activity (GO:0032414),1/33,0.152569319997184,0.2114913697297527,0,0,6.271464646464646,11.79120788980768,CTSS
GO_Biological_Process_2023,Positive Regulation Of Protein Dephosphorylation (GO:0035307),1/33,0.152569319997184,0.2114913697297527,0,0,6.271464646464646,11.79120788980768,PPP1R15A
GO_Biological_Process_2023,Protein K63-linked Deubiquitination (GO:0070536),1/33,0.152569319997184,0.2114913697297527,0,0,6.271464646464646,11.79120788980768,TNFAIP3
GO_Biological_Process_2023,Regulation Of NLRP3 Inflammasome Complex Assembly (GO:1900225),1/33,0.152569319997184,0.2114913697297527,0,0,6.271464646464646,11.79120788980768,GBP5
GO_Biological_Process_2023,Regulation Of Amyloid-Beta Formation (GO:1902003),1/33,0.152569319997184,0.2114913697297527,0,0,6.271464646464646,11.79120788980768,APOE
GO_Biological_Process_2023,Negative Regulation Of Blood Vessel Endothelial Cell Migration (GO:0043537),1/33,0.152569319997184,0.2114913697297527,0,0,6.271464646464646,11.79120788980768,APOE
GO_Biological_Process_2023,Regulation Of Cell Adhesion Mediated By Integrin (GO:0033628),1/33,0.152569319997184,0.2114913697297527,0,0,6.271464646464646,11.79120788980768,PLAU
GO_Biological_Process_2023,Positive Regulation Of Cell Migration (GO:0030335),3/272,0.1554809796525169,0.2147744296408137,0,0,2.257042118575863,4.20087872797176,PLAU;CLEC7A;CCL3
GO_Biological_Process_2023,Negative Regulation Of Interleukin-6 Production (GO:0032715),1/34,0.1568134700259566,0.2147744296408137,0,0,6.081114172023263,11.266469699963473,TNFAIP3
GO_Biological_Process_2023,Regulation Of Metal Ion Transport (GO:0010959),1/34,0.1568134700259566,0.2147744296408137,0,0,6.081114172023263,11.266469699963473,B2M
GO_Biological_Process_2023,Regulation Of Neuronal Synaptic Plasticity (GO:0048168),1/34,0.1568134700259566,0.2147744296408137,0,0,6.081114172023263,11.266469699963473,APOE
GO_Biological_Process_2023,Cellular Response To Amyloid-Beta (GO:1904646),1/34,0.1568134700259566,0.2147744296408137,0,0,6.081114172023263,11.266469699963473,ICAM1
GO_Biological_Process_2023,Cellular Response To Hydrogen Peroxide (GO:0070301),1/34,0.1568134700259566,0.2147744296408137,0,0,6.081114172023263,11.266469699963473,TNFAIP3
GO_Biological_Process_2023,Positive Regulation Of Carbohydrate Metabolic Process (GO:0045913),1/34,0.1568134700259566,0.2147744296408137,0,0,6.081114172023263,11.266469699963473,PMAIP1
GO_Biological_Process_2023,Positive Regulation Of Immunoglobulin Production (GO:0002639),1/34,0.1568134700259566,0.2147744296408137,0,0,6.081114172023263,11.266469699963473,HLA-E
GO_Biological_Process_2023,Regulation Of T Cell Receptor Signaling Pathway (GO:0050856),1/34,0.1568134700259566,0.2147744296408137,0,0,6.081114172023263,11.266469699963473,GBP1
GO_Biological_Process_2023,Regulation Of calcineurin-NFAT Signaling Cascade (GO:0070884),1/34,0.1568134700259566,0.2147744296408137,0,0,6.081114172023263,11.266469699963473,CLEC7A
GO_Biological_Process_2023,Organelle Organization (GO:0006996),4/418,0.1572038873056013,0.2150519127418322,0,0,1.9611513687600644,3.628545150853218,CCL3;TNFAIP3;SNX10;APOE
GO_Biological_Process_2023,Regulation Of Cellular Senescence (GO:2000772),1/35,0.1610365757741949,0.2189867924720347,0,0,5.901960784313726,10.777710825180796,B2M
GO_Biological_Process_2023,Response To Nutrient Levels (GO:0031667),1/35,0.1610365757741949,0.2189867924720347,0,0,5.901960784313726,10.777710825180796,CD68
GO_Biological_Process_2023,Positive Regulation Of Cell Development (GO:0010720),1/35,0.1610365757741949,0.2189867924720347,0,0,5.901960784313726,10.777710825180796,CLEC7A
GO_Biological_Process_2023,Intrinsic Apoptotic Signaling Pathway By P53 Class Mediator (GO:0072332),1/35,0.1610365757741949,0.2189867924720347,0,0,5.901960784313726,10.777710825180796,PMAIP1
GO_Biological_Process_2023,Regulation Of Axon Extension (GO:0030516),1/35,0.1610365757741949,0.2189867924720347,0,0,5.901960784313726,10.777710825180796,APOE
GO_Biological_Process_2023,Regulation Of DNA-templated Transcription (GO:0006355),13/1922,0.1617440260106394,0.2196879119598839,0,0,1.4082296201296942,2.56542862213691,DTX3L;STAT1;CDKN2A;FOS;PARP9;ZEB2;IRF1;IRF7;SPP1;FOSB;APOE;MXD1;JUNB
GO_Biological_Process_2023,Positive Regulation Of Myeloid Cell Differentiation (GO:0045639),1/36,0.165238740567014,0.2239033821884391,0,0,5.733044733044733,10.321566994169176,STAT1
GO_Biological_Process_2023,Receptor Signaling Pathway Via JAK-STAT (GO:0007259),1/36,0.165238740567014,0.2239033821884391,0,0,5.733044733044733,10.321566994169176,STAT1
GO_Biological_Process_2023,Positive Regulation Of Cellular Catabolic Process (GO:0031331),2/146,0.1656998745819369,0.224262832619761,0,0,2.799886621315193,5.033012105126492,DTX3L;APOE
GO_Biological_Process_2023,Negative Regulation Of Endothelial Cell Migration (GO:0010596),1/37,0.1694200671801256,0.2274161511386211,0,0,5.57351290684624,9.895070145641316,APOE
GO_Biological_Process_2023,Negative Regulation Of Stress-Activated MAPK Cascade (GO:0032873),1/37,0.1694200671801256,0.2274161511386211,0,0,5.57351290684624,9.895070145641316,DUSP1
GO_Biological_Process_2023,Regulation Of p38MAPK Cascade (GO:1900744),1/37,0.1694200671801256,0.2274161511386211,0,0,5.57351290684624,9.895070145641316,DUSP1
GO_Biological_Process_2023,Regulation Of Phosphoprotein Phosphatase Activity (GO:0043666),1/37,0.1694200671801256,0.2274161511386211,0,0,5.57351290684624,9.895070145641316,PPP1R15A
GO_Biological_Process_2023,Positive Regulation Of Immune Effector Process (GO:0002699),1/37,0.1694200671801256,0.2274161511386211,0,0,5.57351290684624,9.895070145641316,DDX60
GO_Biological_Process_2023,Melanosome Organization (GO:0032438),1/37,0.1694200671801256,0.2274161511386211,0,0,5.57351290684624,9.895070145641316,APOE
GO_Biological_Process_2023,Regulation Of Cellular Component Biogenesis (GO:0044087),1/37,0.1694200671801256,0.2274161511386211,0,0,5.57351290684624,9.895070145641316,APOE
GO_Biological_Process_2023,Regulation Of Cell Migration (GO:0030334),4/434,0.1725739347940974,0.2300345524672584,0,0,1.886627906976744,3.3146722759177285,RAP2B;PLAU;CLEC7A;CCL3
GO_Biological_Process_2023,Regulation Of Intracellular Transport (GO:0032386),1/38,0.1735806579316256,0.2300345524672584,0,0,5.422604422604422,9.495592558231127,MX2
GO_Biological_Process_2023,Negative Regulation Of Type I Interferon Production (GO:0032480),1/38,0.1735806579316256,0.2300345524672584,0,0,5.422604422604422,9.495592558231127,XAF1
GO_Biological_Process_2023,Response To cAMP (GO:0051591),1/38,0.1735806579316256,0.2300345524672584,0,0,5.422604422604422,9.495592558231127,STAT1
GO_Biological_Process_2023,Connective Tissue Development (GO:0061448),1/38,0.1735806579316256,0.2300345524672584,0,0,5.422604422604422,9.495592558231127,NAMPT
GO_Biological_Process_2023,Positive Regulation Of Bone Mineralization (GO:0030501),1/38,0.1735806579316256,0.2300345524672584,0,0,5.422604422604422,9.495592558231127,ISG15
GO_Biological_Process_2023,Positive Regulation Of Cation Channel Activity (GO:2001259),1/38,0.1735806579316256,0.2300345524672584,0,0,5.422604422604422,9.495592558231127,CTSS
GO_Biological_Process_2023,Response To Peptide (GO:1901652),1/38,0.1735806579316256,0.2300345524672584,0,0,5.422604422604422,9.495592558231127,STAT1
GO_Biological_Process_2023,Fatty Acid Transport (GO:0015908),1/38,0.1735806579316256,0.2300345524672584,0,0,5.422604422604422,9.495592558231127,APOE
GO_Biological_Process_2023,Tumor Necrosis Factor-Mediated Signaling Pathway (GO:0033209),1/38,0.1735806579316256,0.2300345524672584,0,0,5.422604422604422,9.495592558231127,STAT1
GO_Biological_Process_2023,Positive Regulation Of Production Of Molecular Mediator Of Immune Response (GO:0002702),1/38,0.1735806579316256,0.2300345524672584,0,0,5.422604422604422,9.495592558231127,HLA-E
GO_Biological_Process_2023,Cellular Response To Organic Cyclic Compound (GO:0071407),2/152,0.1763559296827952,0.2330929022690705,0,0,2.687074829931973,4.662749281288076,CCL3;SPP1
GO_Biological_Process_2023,RNA Transport (GO:0050658),1/39,0.1777206145684703,0.2330929022690705,0,0,5.279638490164806,9.12080010262218,ZFP36
GO_Biological_Process_2023,Regulation Of Mitochondrial Membrane Potential (GO:0051881),1/39,0.1777206145684703,0.2330929022690705,0,0,5.279638490164806,9.12080010262218,PMAIP1
GO_Biological_Process_2023,Regulation Of Nitric Oxide Biosynthetic Process (GO:0045428),1/39,0.1777206145684703,0.2330929022690705,0,0,5.279638490164806,9.12080010262218,CLEC7A
GO_Biological_Process_2023,"Nuclear-Transcribed mRNA Catabolic Process, Deadenylation-Dependent Decay (GO:0000288)",1/39,0.1777206145684703,0.2330929022690705,0,0,5.279638490164806,9.12080010262218,ZFP36
GO_Biological_Process_2023,Regulation Of Protein Tyrosine Kinase Activity (GO:0061097),1/39,0.1777206145684703,0.2330929022690705,0,0,5.279638490164806,9.12080010262218,RAP2B
GO_Biological_Process_2023,Digestive Tract Development (GO:0048565),1/39,0.1777206145684703,0.2330929022690705,0,0,5.279638490164806,9.12080010262218,CXCL8
GO_Biological_Process_2023,Positive Regulation Of Intrinsic Apoptotic Signaling Pathway (GO:2001244),1/39,0.1777206145684703,0.2330929022690705,0,0,5.279638490164806,9.12080010262218,PMAIP1
GO_Biological_Process_2023,Positive Regulation Of Lipid Biosynthetic Process (GO:0046889),1/39,0.1777206145684703,0.2330929022690705,0,0,5.279638490164806,9.12080010262218,APOE
GO_Biological_Process_2023,Cellular Response To Growth Factor Stimulus (GO:0071363),2/155,0.1817247564919734,0.2360621814288645,0,0,2.633986928104575,4.49163798449718,ZFP36;CXCL8
GO_Biological_Process_2023,Regulation Of Cytokine-Mediated Signaling Pathway (GO:0001959),1/40,0.1818400384456406,0.2360621814288645,0,0,5.144004144004144,8.768612919919887,TNFAIP3
GO_Biological_Process_2023,Regulation Of Protein Dephosphorylation (GO:0035304),1/40,0.1818400384456406,0.2360621814288645,0,0,5.144004144004144,8.768612919919887,PPP1R15A
GO_Biological_Process_2023,Regulation Of Small Molecule Metabolic Process (GO:0062012),1/40,0.1818400384456406,0.2360621814288645,0,0,5.144004144004144,8.768612919919887,APOE
GO_Biological_Process_2023,Cyclic-Nucleotide-Mediated Signaling (GO:0019935),1/40,0.1818400384456406,0.2360621814288645,0,0,5.144004144004144,8.768612919919887,APOE
GO_Biological_Process_2023,Endothelial Cell Migration (GO:0043542),1/40,0.1818400384456406,0.2360621814288645,0,0,5.144004144004144,8.768612919919887,STAT1
GO_Biological_Process_2023,Positive Regulation Of Wound Healing (GO:0090303),1/40,0.1818400384456406,0.2360621814288645,0,0,5.144004144004144,8.768612919919887,CLEC7A
GO_Biological_Process_2023,Protein Localization To Cilium (GO:0061512),1/40,0.1818400384456406,0.2360621814288645,0,0,5.144004144004144,8.768612919919887,SNX10
GO_Biological_Process_2023,Negative Regulation Of Cell-Cell Adhesion (GO:0022408),1/40,0.1818400384456406,0.2360621814288645,0,0,5.144004144004144,8.768612919919887,IL1RN
GO_Biological_Process_2023,Positive Regulation Of Ossification (GO:0045778),1/41,0.1859390303366049,0.2405651861417091,0,0,5.015151515151516,8.43717221072756,ISG15
GO_Biological_Process_2023,Visual System Development (GO:0150063),1/41,0.1859390303366049,0.2405651861417091,0,0,5.015151515151516,8.43717221072756,C1QA
GO_Biological_Process_2023,Positive Regulation Of Viral Process (GO:0048524),1/41,0.1859390303366049,0.2405651861417091,0,0,5.015151515151516,8.43717221072756,IFIT1
GO_Biological_Process_2023,Regulation Of Osteoclast Differentiation (GO:0045670),1/42,0.1900176905858975,0.244460961484104,0,0,4.892584380389258,8.124812043283224,CCL3
GO_Biological_Process_2023,Cellular Response To Glucose Starvation (GO:0042149),1/42,0.1900176905858975,0.244460961484104,0,0,4.892584380389258,8.124812043283224,PMAIP1
GO_Biological_Process_2023,Stress-Activated MAPK Cascade (GO:0051403),1/42,0.1900176905858975,0.244460961484104,0,0,4.892584380389258,8.124812043283224,ZFP36
GO_Biological_Process_2023,Substantia Nigra Development (GO:0021762),1/42,0.1900176905858975,0.244460961484104,0,0,4.892584380389258,8.124812043283224,GNB4
GO_Biological_Process_2023,Keratinocyte Differentiation (GO:0030216),1/42,0.1900176905858975,0.244460961484104,0,0,4.892584380389258,8.124812043283224,SPRR3
GO_Biological_Process_2023,Regulation Of Primary Metabolic Process (GO:0080090),1/43,0.1940761190078197,0.2474578577549595,0,0,4.775853775853776,7.830035336967146,APOE
GO_Biological_Process_2023,Response To Amyloid-Beta (GO:1904645),1/43,0.1940761190078197,0.2474578577549595,0,0,4.775853775853776,7.830035336967146,ICAM1
GO_Biological_Process_2023,Positive Regulation Of Biomineral Tissue Development (GO:0070169),1/43,0.1940761190078197,0.2474578577549595,0,0,4.775853775853776,7.830035336967146,ISG15
GO_Biological_Process_2023,Positive Regulation Of miRNA Transcription (GO:1902895),1/43,0.1940761190078197,0.2474578577549595,0,0,4.775853775853776,7.830035336967146,FOS
GO_Biological_Process_2023,Positive Regulation Of Receptor-Mediated Endocytosis (GO:0048260),1/43,0.1940761190078197,0.2474578577549595,0,0,4.775853775853776,7.830035336967146,B2M
GO_Biological_Process_2023,mRNA Catabolic Process (GO:0006402),1/43,0.1940761190078197,0.2474578577549595,0,0,4.775853775853776,7.830035336967146,ZFP36
GO_Biological_Process_2023,mRNA Destabilization (GO:0061157),1/43,0.1940761190078197,0.2474578577549595,0,0,4.775853775853776,7.830035336967146,ZFP36
GO_Biological_Process_2023,Regulation Of Cellular Component Size (GO:0032535),1/43,0.1940761190078197,0.2474578577549595,0,0,4.775853775853776,7.830035336967146,PPP1R15A
GO_Biological_Process_2023,Mitochondrion Organization (GO:0007005),2/162,0.1943443078276657,0.2475241740407978,0,0,2.517857142857143,4.124561988604351,IFIT2;TYMP
GO_Biological_Process_2023,Negative Regulation Of Immune System Process (GO:0002683),1/44,0.1981144149654997,0.2512082005930202,0,0,4.664552501761804,7.551493311263548,TNFAIP3
GO_Biological_Process_2023,Cellular Response To Ketone (GO:1901655),1/44,0.1981144149654997,0.2512082005930202,0,0,4.664552501761804,7.551493311263548,SPP1
GO_Biological_Process_2023,Extracellular Matrix Disassembly (GO:0022617),1/44,0.1981144149654997,0.2512082005930202,0,0,4.664552501761804,7.551493311263548,CTSS
GO_Biological_Process_2023,Positive Regulation Of Leukocyte Cell-Cell Adhesion (GO:1903039),1/44,0.1981144149654997,0.2512082005930202,0,0,4.664552501761804,7.551493311263548,HLA-DQA1
GO_Biological_Process_2023,Negative Regulation Of Response To Biotic Stimulus (GO:0002832),1/45,0.2021326772791743,0.2546115681899391,0,0,4.558310376492194,7.287967841732019,TNFAIP3
GO_Biological_Process_2023,Positive Regulation Of mRNA Catabolic Process (GO:0061014),1/45,0.2021326772791743,0.2546115681899391,0,0,4.558310376492194,7.287967841732019,ZFP36
GO_Biological_Process_2023,Hexose Metabolic Process (GO:0019318),1/45,0.2021326772791743,0.2546115681899391,0,0,4.558310376492194,7.287967841732019,OAS1
GO_Biological_Process_2023,Zymogen Activation (GO:0031638),1/45,0.2021326772791743,0.2546115681899391,0,0,4.558310376492194,7.287967841732019,PLAU
GO_Biological_Process_2023,Natural Killer Cell Activation (GO:0030101),1/45,0.2021326772791743,0.2546115681899391,0,0,4.558310376492194,7.287967841732019,FCGR3A
GO_Biological_Process_2023,Regulation Of Apoptotic Signaling Pathway (GO:2001233),1/45,0.2021326772791743,0.2546115681899391,0,0,4.558310376492194,7.287967841732019,CTSS
GO_Biological_Process_2023,Double-Strand Break Repair (GO:0006302),2/168,0.2052495909264702,0.2576637554789046,0,0,2.426112613720187,3.841818525538327,DTX3L;PARP9
GO_Biological_Process_2023,Regulation Of mRNA Catabolic Process (GO:0061013),1/46,0.2061310043831236,0.2576637554789046,0,0,4.45679012345679,7.038356248208516,ZFP36
GO_Biological_Process_2023,Regulation Of Nervous System Development (GO:0051960),1/46,0.2061310043831236,0.2576637554789046,0,0,4.45679012345679,7.038356248208516,TYMP
GO_Biological_Process_2023,Cellular Component Disassembly (GO:0022411),1/46,0.2061310043831236,0.2576637554789046,0,0,4.45679012345679,7.038356248208516,CTSS
GO_Biological_Process_2023,Response To Hydrogen Peroxide (GO:0042542),1/46,0.2061310043831236,0.2576637554789046,0,0,4.45679012345679,7.038356248208516,TNFAIP3
GO_Biological_Process_2023,Positive Regulation Of Cell-Cell Adhesion (GO:0022409),1/46,0.2061310043831236,0.2576637554789046,0,0,4.45679012345679,7.038356248208516,PLAUR
GO_Biological_Process_2023,Protein Sumoylation (GO:0016925),1/46,0.2061310043831236,0.2576637554789046,0,0,4.45679012345679,7.038356248208516,IFIH1
GO_Biological_Process_2023,Negative Regulation Of Tumor Necrosis Factor Production (GO:0032720),1/47,0.2101094941683413,0.2617795112325906,0,0,4.359683794466403,6.801658146757973,TNFAIP3
GO_Biological_Process_2023,Insulin Receptor Signaling Pathway (GO:0008286),1/47,0.2101094941683413,0.2617795112325906,0,0,4.359683794466403,6.801658146757973,NAMPT
GO_Biological_Process_2023,Positive Regulation Of Smooth Muscle Cell Proliferation (GO:0048661),1/47,0.2101094941683413,0.2617795112325906,0,0,4.359683794466403,6.801658146757973,STAT1
GO_Biological_Process_2023,Cell-Cell Adhesion Via Plasma-Membrane Adhesion Molecules (GO:0098742),2/172,0.2125577216442807,0.2644100749523171,0,0,2.3685474189675872,3.667794437782415,CEACAM5;ICAM1
GO_Biological_Process_2023,Cellular Defense Response (GO:0006968),1/48,0.2140682440880332,0.2644100749523171,0,0,4.266709649688373,6.576964036635908,NCF2
GO_Biological_Process_2023,Cellular Response To Mechanical Stimulus (GO:0071260),1/48,0.2140682440880332,0.2644100749523171,0,0,4.266709649688373,6.576964036635908,IRF1
GO_Biological_Process_2023,Regulation Of Tumor Necrosis Factor-Mediated Signaling Pathway (GO:0010803),1/48,0.2140682440880332,0.2644100749523171,0,0,4.266709649688373,6.576964036635908,TNFAIP3
GO_Biological_Process_2023,Positive Regulation Of Reactive Oxygen Species Metabolic Process (GO:2000379),1/48,0.2140682440880332,0.2644100749523171,0,0,4.266709649688373,6.576964036635908,CLEC7A
GO_Biological_Process_2023,Post-Translational Protein Modification (GO:0043687),1/48,0.2140682440880332,0.2644100749523171,0,0,4.266709649688373,6.576964036635908,PARP9
GO_Biological_Process_2023,Regulation Of DNA Binding (GO:0051101),1/48,0.2140682440880332,0.2644100749523171,0,0,4.266709649688373,6.576964036635908,PLAUR
GO_Biological_Process_2023,Negative Regulation Of ERK1 And ERK2 Cascade (GO:0070373),1/48,0.2140682440880332,0.2644100749523171,0,0,4.266709649688373,6.576964036635908,GBP1
GO_Biological_Process_2023,Negative Regulation Of Tumor Necrosis Factor Superfamily Cytokine Production (GO:1903556),1/49,0.21800735103248,0.2678309194551391,0,0,4.177609427609427,6.363445371866637,TNFAIP3
GO_Biological_Process_2023,Regulation Of Mitotic Metaphase/Anaphase Transition (GO:0030071),1/49,0.21800735103248,0.2678309194551391,0,0,4.177609427609427,6.363445371866637,DUSP1
GO_Biological_Process_2023,Positive Regulation Of miRNA Metabolic Process (GO:2000630),1/49,0.21800735103248,0.2678309194551391,0,0,4.177609427609427,6.363445371866637,FOS
GO_Biological_Process_2023,Negative Regulation Of T Cell Activation (GO:0050868),1/49,0.21800735103248,0.2678309194551391,0,0,4.177609427609427,6.363445371866637,TIGIT
GO_Biological_Process_2023,Regulation Of Cell Communication (GO:0010646),1/49,0.21800735103248,0.2678309194551391,0,0,4.177609427609427,6.363445371866637,TYMP
GO_Biological_Process_2023,Blood Circulation (GO:0008015),1/50,0.2219269115603851,0.2709022534505767,0,0,4.092145949288806,6.1603458876211565,STAT1
GO_Biological_Process_2023,Positive Regulation Of Cell Death (GO:0010942),1/50,0.2219269115603851,0.2709022534505767,0,0,4.092145949288806,6.1603458876211565,C1QA
GO_Biological_Process_2023,Positive Regulation Of Fat Cell Differentiation (GO:0045600),1/50,0.2219269115603851,0.2709022534505767,0,0,4.092145949288806,6.1603458876211565,ZFP36
GO_Biological_Process_2023,Intracellular Iron Ion Homeostasis (GO:0006879),1/50,0.2219269115603851,0.2709022534505767,0,0,4.092145949288806,6.1603458876211565,B2M
GO_Biological_Process_2023,Positive Regulation Of Transport (GO:0051050),1/50,0.2219269115603851,0.2709022534505767,0,0,4.092145949288806,6.1603458876211565,APOE
GO_Biological_Process_2023,Negative Regulation Of Cell Projection Organization (GO:0031345),1/50,0.2219269115603851,0.2709022534505767,0,0,4.092145949288806,6.1603458876211565,APOE
GO_Biological_Process_2023,SMAD Protein Signal Transduction (GO:0060395),1/51,0.2258270216564654,0.2744925050919883,0,0,4.01010101010101,5.966974015935645,FOS
GO_Biological_Process_2023,Regulation Of Substrate Adhesion-Dependent Cell Spreading (GO:1900024),1/51,0.2258270216564654,0.2744925050919883,0,0,4.01010101010101,5.966974015935645,GBP1
GO_Biological_Process_2023,Positive Regulation Of Actin Filament Bundle Assembly (GO:0032233),1/51,0.2258270216564654,0.2744925050919883,0,0,4.01010101010101,5.966974015935645,PLEK
GO_Biological_Process_2023,Receptor Internalization (GO:0031623),1/51,0.2258270216564654,0.2744925050919883,0,0,4.01010101010101,5.966974015935645,CXCL8
GO_Biological_Process_2023,Adenylate Cyclase-Inhibiting G Protein-Coupled Receptor Signaling Pathway (GO:0007193),1/52,0.2297077768169888,0.2789134723811794,0,0,3.9312735195088138,5.782696221966044,RGS1
GO_Biological_Process_2023,Regulation Of Cyclin-Dependent Protein Kinase Activity (GO:1904029),1/53,0.233569272224541,0.2809210259423314,0,0,3.8554778554778553,5.606931137649977,CDKN2A
GO_Biological_Process_2023,Negative Regulation Of Metabolic Process (GO:0009892),1/53,0.233569272224541,0.2809210259423314,0,0,3.8554778554778553,5.606931137649977,APOC1
GO_Biological_Process_2023,Actin Cytoskeleton Reorganization (GO:0031532),1/53,0.233569272224541,0.2809210259423314,0,0,3.8554778554778553,5.606931137649977,PLEK
GO_Biological_Process_2023,Regulation Of Proteasomal Protein Catabolic Process (GO:0061136),1/53,0.233569272224541,0.2809210259423314,0,0,3.8554778554778553,5.606931137649977,APOE
GO_Biological_Process_2023,Positive Regulation Of NIK/NF-kappaB Signaling (GO:1901224),1/53,0.233569272224541,0.2809210259423314,0,0,3.8554778554778553,5.606931137649977,IFI35
GO_Biological_Process_2023,Endosome Organization (GO:0007032),1/53,0.233569272224541,0.2809210259423314,0,0,3.8554778554778553,5.606931137649977,SNX10
GO_Biological_Process_2023,mRNA Stabilization (GO:0048255),1/53,0.233569272224541,0.2809210259423314,0,0,3.8554778554778553,5.606931137649977,ZFP36
GO_Biological_Process_2023,Mitochondrial Transport (GO:0006839),1/53,0.233569272224541,0.2809210259423314,0,0,3.8554778554778553,5.606931137649977,PMAIP1
GO_Biological_Process_2023,Negative Regulation Of Cysteine-Type Endopeptidase Activity (GO:2000117),1/53,0.233569272224541,0.2809210259423314,0,0,3.8554778554778553,5.606931137649977,IFI6
GO_Biological_Process_2023,Negative Regulation Of Neuron Projection Development (GO:0010977),1/54,0.2374116024468537,0.2840504543381897,0,0,3.7825424051839143,5.43914439332398,APOE
GO_Biological_Process_2023,Regulation Of Lipid Metabolic Process (GO:0019216),1/54,0.2374116024468537,0.2840504543381897,0,0,3.7825424051839143,5.43914439332398,APOC1
GO_Biological_Process_2023,Epidermal Cell Differentiation (GO:0009913),1/54,0.2374116024468537,0.2840504543381897,0,0,3.7825424051839143,5.43914439332398,SPRR3
GO_Biological_Process_2023,Positive Regulation Of Leukocyte Chemotaxis (GO:0002690),1/54,0.2374116024468537,0.2840504543381897,0,0,3.7825424051839143,5.43914439332398,CXCL17
GO_Biological_Process_2023,Regulation Of Blood Vessel Endothelial Cell Migration (GO:0043535),1/54,0.2374116024468537,0.2840504543381897,0,0,3.7825424051839143,5.43914439332398,APOE
GO_Biological_Process_2023,Response To Peptide Hormone (GO:0043434),1/55,0.2412348616553018,0.2883235037529442,0,0,3.7123082678638233,5.278844037828421,STAT1
GO_Biological_Process_2023,Regulation Of Mitotic Nuclear Division (GO:0007088),1/56,0.2450391435680432,0.2919561075810713,0,0,3.644628099173554,5.125576482532065,DUSP1
GO_Biological_Process_2023,Cellular Response To Peptide (GO:1901653),1/56,0.2450391435680432,0.2919561075810713,0,0,3.644628099173554,5.125576482532065,ICAM1
GO_Biological_Process_2023,Regulation Of Cation Channel Activity (GO:2001257),1/56,0.2450391435680432,0.2919561075810713,0,0,3.644628099173554,5.125576482532065,CTSS
GO_Biological_Process_2023,Intracellular Monoatomic Cation Homeostasis (GO:0030003),2/190,0.2457076347065951,0.2924482762360201,0,0,2.139817629179331,3.00347568499149,CCL3;B2M
GO_Biological_Process_2023,RNA Catabolic Process (GO:0006401),1/57,0.2488245414130006,0.2952374092413323,0,0,3.5793650793650795,4.978922896997587,ZFP36
GO_Biological_Process_2023,Endosome To Lysosome Transport (GO:0008333),1/57,0.2488245414130006,0.2952374092413323,0,0,3.5793650793650795,4.978922896997587,DTX3L
GO_Biological_Process_2023,Post-Transcriptional Regulation Of Gene Expression (GO:0010608),1/57,0.2488245414130006,0.2952374092413323,0,0,3.5793650793650795,4.978922896997587,PARP9
GO_Biological_Process_2023,Regulation Of Neuron Death (GO:1901214),1/58,0.2525911479606718,0.2981617158917208,0,0,3.5163919900762006,4.8384959983786695,C1QA
GO_Biological_Process_2023,Regulation Of Phagocytosis (GO:0050764),1/58,0.2525911479606718,0.2981617158917208,0,0,3.5163919900762006,4.8384959983786695,CLEC7A
GO_Biological_Process_2023,Renal System Development (GO:0072001),1/58,0.2525911479606718,0.2981617158917208,0,0,3.5163919900762006,4.8384959983786695,STAT1
GO_Biological_Process_2023,mRNA Transport (GO:0051028),1/58,0.2525911479606718,0.2981617158917208,0,0,3.5163919900762006,4.8384959983786695,ZFP36
GO_Biological_Process_2023,Memory (GO:0007613),1/58,0.2525911479606718,0.2981617158917208,0,0,3.5163919900762006,4.8384959983786695,APOE
GO_Biological_Process_2023,Regulation Of miRNA Transcription (GO:1902893),1/59,0.256339055642632,0.3016528455404046,0,0,3.4555903866248694,4.703937185372145,FOS
GO_Biological_Process_2023,Regulation Of Multicellular Organismal Development (GO:2000026),1/59,0.256339055642632,0.3016528455404046,0,0,3.4555903866248694,4.703937185372145,OAS2
GO_Biological_Process_2023,Glucose Metabolic Process (GO:0006006),1/59,0.256339055642632,0.3016528455404046,0,0,3.4555903866248694,4.703937185372145,OAS1
GO_Biological_Process_2023,Positive Regulation Of Protein Metabolic Process (GO:0051247),2/196,0.2568156107552619,0.3019033617194813,0,0,2.0730065221965077,2.818038680312099,TNFAIP3;APOE
GO_Biological_Process_2023,Negative Regulation Of Peptidase Activity (GO:0010466),1/60,0.2600683562676618,0.3044767565710355,0,0,3.396849854476973,4.574913980988086,SERPINB13
GO_Biological_Process_2023,Response To Light Stimulus (GO:0009416),1/60,0.2600683562676618,0.3044767565710355,0,0,3.396849854476973,4.574913980988086,SERPINB13
GO_Biological_Process_2023,Positive Regulation Of Phagocytosis (GO:0050766),1/60,0.2600683562676618,0.3044767565710355,0,0,3.396849854476973,4.574913980988086,CLEC7A
GO_Biological_Process_2023,Homophilic Cell Adhesion Via Plasma Membrane Adhesion Molecules (GO:0007156),1/60,0.2600683562676618,0.3044767565710355,0,0,3.396849854476973,4.574913980988086,CEACAM5
GO_Biological_Process_2023,Negative Regulation Of Intrinsic Apoptotic Signaling Pathway (GO:2001243),1/61,0.2637791413086752,0.3081909355086052,0,0,3.34006734006734,4.451117734093463,PLAUR
GO_Biological_Process_2023,Positive Regulation Of Interleukin-8 Production (GO:0032757),1/61,0.2637791413086752,0.3081909355086052,0,0,3.34006734006734,4.451117734093463,CLEC7A
GO_Biological_Process_2023,Cell Junction Organization (GO:0034330),1/62,0.2674715018007107,0.3115512406529133,0,0,3.285146547441629,4.332261561529935,C1QA
GO_Biological_Process_2023,Phosphatidylinositol-Mediated Signaling (GO:0048015),1/62,0.2674715018007107,0.3115512406529133,0,0,3.285146547441629,4.332261561529935,FCGR3A
GO_Biological_Process_2023,Glycerophospholipid Metabolic Process (GO:0006650),1/62,0.2674715018007107,0.3115512406529133,0,0,3.285146547441629,4.332261561529935,PLEK
GO_Biological_Process_2023,Phosphatidylinositol Metabolic Process (GO:0046488),1/63,0.2711455282609312,0.3155097864418356,0,0,3.231997393287716,4.218078497375417,PLEK
GO_Biological_Process_2023,Regulation Of MAPK Cascade (GO:0043408),2/204,0.2716405416203822,0.3157648935587184,0,0,1.99009900990099,2.5936475306384104,DUSP5;DUSP1
GO_Biological_Process_2023,Protein Modification By Small Protein Conjugation (GO:0032446),3/364,0.2741504141328689,0.3183592537344167,0,0,1.6739583630807893,2.166233304128739,IFIH1;UBE2L6;ISG15
GO_Biological_Process_2023,Regulation Of Canonical Wnt Signaling Pathway (GO:0060828),2/207,0.2771996724711015,0.3215740881250367,0,0,1.9606769537083129,2.515582241975174,ZEB2;APOE
GO_Biological_Process_2023,Ubiquitin-Dependent Protein Catabolic Process (GO:0006511),3/367,0.2782214569172178,0.3223585292212211,0,0,1.6599071032060724,2.123582025779506,DTX3L;TNFAIP3;UBE2L6
GO_Biological_Process_2023,Antimicrobial Humoral Immune Response Mediated By Antimicrobial Peptide (GO:0061844),1/65,0.2784389392137884,0.3223585292212211,0,0,3.1306818181818183,4.00275356439037,CXCL8
GO_Biological_Process_2023,Negative Regulation Of Endopeptidase Activity (GO:0010951),1/66,0.2820585025763683,0.3255614772680864,0,0,3.0823620823620823,3.9011631304837175,SERPINB13
GO_Biological_Process_2023,Negative Regulation Of Immune Response (GO:0050777),1/66,0.2820585025763683,0.3255614772680864,0,0,3.0823620823620823,3.9011631304837175,TNFAIP3
GO_Biological_Process_2023,Regulation Of Endocytosis (GO:0030100),1/66,0.2820585025763683,0.3255614772680864,0,0,3.0823620823620823,3.9011631304837175,APOE
GO_Biological_Process_2023,Regulation Of Neurogenesis (GO:0050767),1/67,0.2856600898087258,0.32872442495577,0,0,3.0355065809611266,3.8033460819667058,B2M
GO_Biological_Process_2023,Extrinsic Apoptotic Signaling Pathway (GO:0097191),1/67,0.2856600898087258,0.32872442495577,0,0,3.0355065809611266,3.8033460819667058,G0S2
GO_Biological_Process_2023,Negative Regulation Of Cellular Catabolic Process (GO:0031330),1/67,0.2856600898087258,0.32872442495577,0,0,3.0355065809611266,3.8033460819667058,APOC1
GO_Biological_Process_2023,Skin Development (GO:0043588),1/68,0.2892437892552286,0.3325141954791534,0,0,2.990049751243781,3.709113016933223,SPRR3
GO_Biological_Process_2023,Regulation Of Cellular Biosynthetic Process (GO:0031326),1/70,0.2963578762035246,0.3403508207151812,0,0,2.9030888596105986,3.530700422312052,CXCL8
GO_Biological_Process_2023,Negative Regulation Of Supramolecular Fiber Organization (GO:1902904),1/71,0.2998884383134025,0.3433722618688459,0,0,2.8614718614718613,3.446198601550195,APOE
GO_Biological_Process_2023,Protein Autoubiquitination (GO:0051865),1/71,0.2998884383134025,0.3433722618688459,0,0,2.8614718614718613,3.446198601550195,DTX3L
GO_Biological_Process_2023,Myeloid Leukocyte Differentiation (GO:0002573),1/71,0.2998884383134025,0.3433722618688459,0,0,2.8614718614718613,3.446198601550195,SNX10
GO_Biological_Process_2023,DNA Damage Response (GO:0006974),3/384,0.3013930144747601,0.344750251322278,0,0,1.5844630245961522,1.900310153251688,PPP1R15A;DTX3L;IRF7
GO_Biological_Process_2023,Cellular Response To Hypoxia (GO:0071456),1/72,0.3034014618596549,0.3453227374048757,0,0,2.821027173139849,3.3646345783285243,PMAIP1
GO_Biological_Process_2023,Cholesterol Homeostasis (GO:0042632),1/72,0.3034014618596549,0.3453227374048757,0,0,2.821027173139849,3.3646345783285243,APOE
GO_Biological_Process_2023,Transforming Growth Factor Beta Receptor Signaling Pathway (GO:0007179),1/72,0.3034014618596549,0.3453227374048757,0,0,2.821027173139849,3.3646345783285243,FOS
GO_Biological_Process_2023,Negative Regulation Of Catabolic Process (GO:0009895),1/72,0.3034014618596549,0.3453227374048757,0,0,2.821027173139849,3.3646345783285243,APOC1
GO_Biological_Process_2023,Negative Regulation Of Cell Adhesion (GO:0007162),1/72,0.3034014618596549,0.3453227374048757,0,0,2.821027173139849,3.3646345783285243,DUSP1
GO_Biological_Process_2023,Positive Regulation Of Multicellular Organismal Process (GO:0051240),3/387,0.3054956647268129,0.3473610090488587,0,0,1.5718427835051547,1.863922124179492,SPP1;G0S2;APOE
GO_Biological_Process_2023,Cellular Response To Decreased Oxygen Levels (GO:0036294),1/73,0.3068970331118836,0.3479179236763433,0,0,2.781705948372615,3.2858706369655613,PMAIP1
GO_Biological_Process_2023,Sterol Homeostasis (GO:0055092),1/73,0.3068970331118836,0.3479179236763433,0,0,2.781705948372615,3.2858706369655613,APOE
GO_Biological_Process_2023,Regulation Of Rho Protein Signal Transduction (GO:0035023),1/73,0.3068970331118836,0.3479179236763433,0,0,2.781705948372615,3.2858706369655613,APOE
GO_Biological_Process_2023,Negative Regulation Of Neuron Apoptotic Process (GO:0043524),1/74,0.3103752378928968,0.3508190003823958,0,0,2.74346201743462,3.209777224050686,APOE
GO_Biological_Process_2023,Regulation Of mRNA Stability (GO:0043488),1/74,0.3103752378928968,0.3508190003823958,0,0,2.74346201743462,3.209777224050686,ZFP36
GO_Biological_Process_2023,Regulation Of Cell Cycle G1/S Phase Transition (GO:1902806),1/74,0.3103752378928968,0.3508190003823958,0,0,2.74346201743462,3.209777224050686,CDKN2A
GO_Biological_Process_2023,Regulation Of Transcription By RNA Polymerase II (GO:0006357),12/2028,0.3134073766814923,0.353335698217768,0,0,1.209686147186147,1.4035400600407493,ZFP36;ZEB2;STAT1;IRF1;NAMPT;IRF7;NLRC5;FOSB;FOS;MXD1;PARP9;JUNB
GO_Biological_Process_2023,Regulation Of Fat Cell Differentiation (GO:0045598),1/75,0.3138361616484454,0.353335698217768,0,0,2.7062517062517064,3.1362323637249645,ZFP36
GO_Biological_Process_2023,Negative Regulation Of Phosphorylation (GO:0042326),1/75,0.3138361616484454,0.353335698217768,0,0,2.7062517062517064,3.1362323637249645,CDKN2A
GO_Biological_Process_2023,Defense Response To Gram-negative Bacterium (GO:0050829),1/75,0.3138361616484454,0.353335698217768,0,0,2.7062517062517064,3.1362323637249645,LYZ
GO_Biological_Process_2023,Embryonic Organ Development (GO:0048568),1/77,0.3207065055587057,0.3603620695433936,0,0,2.6347687400318978,2.996335121708695,CXCL8
GO_Biological_Process_2023,Negative Regulation Of Blood Vessel Morphogenesis (GO:2000181),1/77,0.3207065055587057,0.3603620695433936,0,0,2.6347687400318978,2.996335121708695,STAT1
GO_Biological_Process_2023,Negative Regulation Of Protein Modification Process (GO:0031400),1/78,0.3241160944299128,0.3634798512460824,0,0,2.600419782237964,2.929772078325152,PPP1R15A
GO_Biological_Process_2023,Cellular Response To Nutrient Levels (GO:0031669),1/78,0.3241160944299128,0.3634798512460824,0,0,2.600419782237964,2.929772078325152,CD68
GO_Biological_Process_2023,Regulation Of Cyclin-Dependent Protein Serine/Threonine Kinase Activity (GO:0000079),1/79,0.3275087398015298,0.3658512264124406,0,0,2.566951566951567,2.865335397718705,CDKN2A
GO_Biological_Process_2023,Positive Regulation Of Catabolic Process (GO:0009896),1/79,0.3275087398015298,0.3658512264124406,0,0,2.566951566951567,2.865335397718705,TNFAIP3
GO_Biological_Process_2023,Positive Regulation Of Cytoskeleton Organization (GO:0051495),1/79,0.3275087398015298,0.3658512264124406,0,0,2.566951566951567,2.865335397718705,PLEK
GO_Biological_Process_2023,Vesicle Fusion (GO:0006906),1/79,0.3275087398015298,0.3658512264124406,0,0,2.566951566951567,2.865335397718705,SAMD9
GO_Biological_Process_2023,Regulation Of Protein Localization To Plasma Membrane (GO:1903076),1/80,0.3308845249727721,0.3689024158654567,0,0,2.534330648254699,2.8029337896230078,GBP1
GO_Biological_Process_2023,Wound Healing (GO:0042060),1/80,0.3308845249727721,0.3689024158654567,0,0,2.534330648254699,2.8029337896230078,SPRR3
GO_Biological_Process_2023,Regulation Of Gene Expression (GO:0010468),7/1127,0.3333663024528846,0.3713077979655184,0,0,1.2620967741935485,1.38643020113204,CXCL8;CLEC7A;CCL3;APOE;BTN3A2;PARP14;PARP9
GO_Biological_Process_2023,Regulation Of Interleukin-8 Production (GO:0032677),1/81,0.3342435328543524,0.371561985551683,0,0,2.5025252525252526,2.742480915944007,CLEC7A
GO_Biological_Process_2023,Macromolecule Modification (GO:0043412),1/81,0.3342435328543524,0.371561985551683,0,0,2.5025252525252526,2.742480915944007,UBE2L6
GO_Biological_Process_2023,Cellular Response To Organic Substance (GO:0071310),1/82,0.3375858460637784,0.3745501877354905,0,0,2.471505175208879,2.6838950656014107,CCL3
GO_Biological_Process_2023,Negative Regulation Of Apoptotic Signaling Pathway (GO:2001234),1/82,0.3375858460637784,0.3745501877354905,0,0,2.471505175208879,2.6838950656014107,PLAUR
GO_Biological_Process_2023,Regulation Of NIK/NF-kappaB Signaling (GO:1901222),1/83,0.3409115467213686,0.3778738828615363,0,0,2.4412416851441243,2.627098856469418,IFI35
GO_Biological_Process_2023,Regulation Of Kinase Activity (GO:0043549),1/85,0.3475134368660721,0.3833361129206672,0,0,2.382876382876383,2.5185858334956643,NLRC5
GO_Biological_Process_2023,Nuclear-Transcribed mRNA Catabolic Process (GO:0000956),1/85,0.3475134368660721,0.3833361129206672,0,0,2.382876382876383,2.5185858334956643,ZFP36
GO_Biological_Process_2023,Positive Regulation Of Canonical Wnt Signaling Pathway (GO:0090263),1/85,0.3475134368660721,0.3833361129206672,0,0,2.382876382876383,2.5185858334956643,ZEB2
GO_Biological_Process_2023,Epidermis Development (GO:0008544),1/85,0.3475134368660721,0.3833361129206672,0,0,2.382876382876383,2.5185858334956643,SPRR3
GO_Biological_Process_2023,mRNA Metabolic Process (GO:0016071),1/85,0.3475134368660721,0.3833361129206672,0,0,2.382876382876383,2.5185858334956643,ZFP36
GO_Biological_Process_2023,Regulation Of Mitotic Cell Cycle Phase Transition (GO:1901990),1/86,0.3507897886854045,0.3862060654276809,0,0,2.354723707664884,2.46673350535558,CDKN2A
GO_Biological_Process_2023,Negative Regulation Of Angiogenesis (GO:0016525),1/86,0.3507897886854045,0.3862060654276809,0,0,2.354723707664884,2.46673350535558,STAT1
GO_Biological_Process_2023,Glucose Homeostasis (GO:0042593),1/87,0.3540498524990138,0.3894208271963216,0,0,2.327225745830397,2.4163993335324085,OAS1
GO_Biological_Process_2023,Regulation Of Endothelial Cell Migration (GO:0010594),1/88,0.3572937084833981,0.3922351833302884,0,0,2.3003599210495764,2.367523811703655,APOE
GO_Biological_Process_2023,Negative Regulation Of Neuron Death (GO:1901215),1/88,0.3572937084833981,0.3922351833302884,0,0,2.3003599210495764,2.367523811703655,APOE
GO_Biological_Process_2023,Regulation Of Peptidyl-Tyrosine Phosphorylation (GO:0050730),1/90,0.3637331156781473,0.3989218557964355,0,0,2.2484394506866416,2.273925239694265,RAP2B
GO_Biological_Process_2023,Protein Ubiquitination (GO:0016567),3/434,0.3698252635364325,0.4051380469750331,0,0,1.3970626928504797,1.3896926920356492,DTX3L;UBE2L6;ISG15
GO_Biological_Process_2023,Positive Regulation Of Neuron Projection Development (GO:0010976),1/92,0.3701086437867988,0.4051380469750331,0,0,2.1988011988011986,2.185517547233266,APOE
GO_Biological_Process_2023,Positive Regulation Of Protein Kinase B Signaling (GO:0051897),1/93,0.3732726494349856,0.4078217400792543,0,0,2.1747913921826965,2.143139832163484,CCL3
GO_Biological_Process_2023,Negative Regulation Of Amide Metabolic Process (GO:0034249),1/93,0.3732726494349856,0.4078217400792543,0,0,2.1747913921826965,2.143139832163484,APOE
GO_Biological_Process_2023,Peptidyl-Lysine Modification (GO:0018205),1/94,0.3764209201158763,0.4100874914678196,0,0,2.1512979254914737,2.101919815261755,IFIH1
GO_Biological_Process_2023,Cellular Response To Hormone Stimulus (GO:0032870),1/94,0.3764209201158763,0.4100874914678196,0,0,2.1512979254914737,2.101919815261755,CTSS
GO_Biological_Process_2023,Vesicle Organization (GO:0016050),1/94,0.3764209201158763,0.4100874914678196,0,0,2.1512979254914737,2.101919815261755,SNX10
GO_Biological_Process_2023,Positive Regulation Of Transmembrane Receptor Protein Serine/Threonine Kinase Signaling Pathway (GO:0090100),1/95,0.3795535332169826,0.4131072200888261,0,0,2.1283043197936813,2.061815304518316,ZEB2
GO_Biological_Process_2023,Cellular Response To Transforming Growth Factor Beta Stimulus (GO:0071560),1/96,0.3826705658807354,0.4161042715417303,0,0,2.105794790005316,2.022786046627892,FOS
GO_Biological_Process_2023,Positive Regulation Of Signal Transduction (GO:0009967),2/266,0.3848236425327292,0.4180484541745494,0,0,1.517934446505875,1.4495820420264696,TNFAIP3;CTSS
GO_Biological_Process_2023,Positive Regulation Of Cold-Induced Thermogenesis (GO:0120162),1/98,0.3888581963975129,0.42203093353095,0,0,2.062168072477351,1.947801335478516,G0S2
GO_Biological_Process_2023,Cellular Response To Insulin Stimulus (GO:0032869),1/99,0.3919289465238684,0.4249608369032475,0,0,2.0410224695938983,1.9117741389719491,NAMPT
GO_Biological_Process_2023,Regulation Of Organelle Organization (GO:0033043),1/100,0.394984420817951,0.4274642361404101,0,0,2.020304050607081,1.8766785261005492,ZEB2
GO_Biological_Process_2023,Response To UV (GO:0009411),1/100,0.394984420817951,0.4274642361404101,0,0,2.020304050607081,1.8766785261005492,SERPINB13
GO_Biological_Process_2023,Hemopoiesis (GO:0030097),1/101,0.3980246944821334,0.4303477574901254,0,0,2.0,1.8424824583699575,PLEK
GO_Biological_Process_2023,Plasma Membrane Bounded Cell Projection Assembly (GO:0120031),2/275,0.4007232590905978,0.4328011965529379,0,0,1.467219854974957,1.3417494000659629,RAP2B;SNX10
GO_Biological_Process_2023,Calcium Ion Homeostasis (GO:0055074),1/102,0.4010498423953424,0.4328011965529379,0,0,1.98009800980098,1.8091552855878603,CCL3
GO_Biological_Process_2023,Positive Regulation Of Vasculature Development (GO:1904018),1/104,0.4070550586365517,0.4388682129367718,0,0,1.9414533686378344,1.7449915352070269,CXCL8
GO_Biological_Process_2023,Lysosomal Transport (GO:0007041),1/105,0.4100352748474052,0.4416654653812596,0,0,1.9226884226884229,1.7140999679223647,DTX3L
GO_Biological_Process_2023,Regulation Of G1/S Transition Of Mitotic Cell Cycle (GO:2000045),1/106,0.4130006611337857,0.4444415009381435,0,0,1.9042809042809044,1.6839671916127796,CDKN2A
GO_Biological_Process_2023,Negative Regulation Of Translation (GO:0017148),1/107,0.4159512905205901,0.4467769490113281,0,0,1.886220697541452,1.654568493195685,ZFP36
GO_Biological_Process_2023,Monoatomic Ion Transport (GO:0006811),1/107,0.4159512905205901,0.4467769490113281,0,0,1.886220697541452,1.654568493195685,SLC15A3
GO_Biological_Process_2023,Regulation Of Wnt Signaling Pathway (GO:0030111),1/109,0.4218085691393649,0.452643684784042,0,0,1.851103628881407,1.5978794932003777,TNFAIP3
GO_Biological_Process_2023,Response To Lipid (GO:0033993),1/110,0.4247153626139249,0.4553362267724194,0,0,1.834028356964137,1.570544634474372,SPP1
GO_Biological_Process_2023,T Cell Activation (GO:0042110),1/111,0.4276076879640406,0.4575801894568471,0,0,1.817263544536272,1.5438546462627225,CLEC7A
GO_Biological_Process_2023,Regulation Of Transforming Growth Factor Beta Receptor Signaling Pathway (GO:0017015),1/111,0.4276076879640406,0.4575801894568471,0,0,1.817263544536272,1.5438546462627225,ZEB2
GO_Biological_Process_2023,DNA Repair (GO:0006281),2/291,0.428510552832088,0.4581181914031192,0,0,1.3848598262834546,1.1735854919050652,DTX3L;PARP9
GO_Biological_Process_2023,Calcium Ion Transport (GO:0006816),1/112,0.4304856163806702,0.4589441627149603,0,0,1.8008008008008007,1.517789408820894,CCL3
GO_Biological_Process_2023,Regulation Of Protein Serine/Threonine Kinase Activity (GO:0071900),1/112,0.4304856163806702,0.4589441627149603,0,0,1.8008008008008007,1.517789408820894,CDKN2A
GO_Biological_Process_2023,Protein Deubiquitination (GO:0016579),1/112,0.4304856163806702,0.4589441627149603,0,0,1.8008008008008007,1.517789408820894,TNFAIP3
GO_Biological_Process_2023,Positive Regulation Of Gene Expression (GO:0010628),3/480,0.4318050600863984,0.459922598882722,0,0,1.2593529144783764,1.057580703247285,CXCL8;CLEC7A;CCL3
GO_Biological_Process_2023,Positive Regulation Of Cell Population Proliferation (GO:0008284),3/483,0.4357811643746591,0.4633092373651273,0,0,1.2512886597938144,1.039339228014511,CLEC7A;STAT1;NAMPT
GO_Biological_Process_2023,Protein Modification By Small Protein Removal (GO:0070646),1/114,0.4361985658337181,0.4633092373651273,0,0,1.768749441315813,1.4674566165007243,TNFAIP3
GO_Biological_Process_2023,Negative Regulation Of Canonical Wnt Signaling Pathway (GO:0090090),1/114,0.4361985658337181,0.4633092373651273,0,0,1.768749441315813,1.4674566165007243,APOE
GO_Biological_Process_2023,Regulation Of Intracellular Signal Transduction (GO:1902531),2/297,0.4387599969995228,0.4655979578910598,0,0,1.356278104462124,1.1173055905524882,CLEC7A;GBP1
GO_Biological_Process_2023,Cellular Response To Oxidative Stress (GO:0034599),1/117,0.4446617754820939,0.470552433389092,0,0,1.7227446882619295,1.396183515184437,FOS
GO_Biological_Process_2023,Protein Maturation (GO:0051604),1/117,0.4446617754820939,0.470552433389092,0,0,1.7227446882619295,1.396183515184437,CTSS
GO_Biological_Process_2023,Protein Processing (GO:0016485),1/117,0.4446617754820939,0.470552433389092,0,0,1.7227446882619295,1.396183515184437,CTSS
GO_Biological_Process_2023,Positive Regulation Of Cell Projection Organization (GO:0031346),1/118,0.4474548000683968,0.4730708643382403,0,0,1.7079340412673747,1.3734859734012153,APOE
GO_Biological_Process_2023,Regulation Of Protein Kinase Activity (GO:0045859),1/119,0.450233917137087,0.4751316452737001,0,0,1.6933744221879816,1.3512924945163796,RAP2B
GO_Biological_Process_2023,Positive Regulation Of Angiogenesis (GO:0045766),1/119,0.450233917137087,0.4751316452737001,0,0,1.6933744221879816,1.3512924945163796,CXCL8
GO_Biological_Process_2023,Protein Localization To Nucleus (GO:0034504),1/122,0.4584885070164566,0.48339718281201,0,0,1.6511394941147006,1.2875916896026691,GBP2
GO_Biological_Process_2023,Organonitrogen Compound Biosynthetic Process (GO:1901566),1/123,0.4612126761903752,0.4858220002189325,0,0,1.6375227686703095,1.2672723299658175,APOE
GO_Biological_Process_2023,Negative Regulation Of Growth (GO:0045926),1/124,0.4639232772068564,0.4882280812517009,0,0,1.6241274533957462,1.2473885010387038,CDKN2A
GO_Biological_Process_2023,Negative Regulation Of Cell Growth (GO:0030308),1/125,0.4666203770761902,0.4906155479818528,0,0,1.6109481915933528,1.2279279396515803,CDKN2A
GO_Biological_Process_2023,Cellular Response To Starvation (GO:0009267),1/126,0.4693040423241341,0.4929845215239757,0,0,1.597979797979798,1.2088788165174762,PMAIP1
GO_Biological_Process_2023,Regulation Of Response To External Stimulus (GO:0032101),1/127,0.4719743392071369,0.49488151867415,0,0,1.5852172518839185,1.1902297169988545,IRF1
GO_Biological_Process_2023,Regulation Of Anatomical Structure Morphogenesis (GO:0022603),1/127,0.4719743392071369,0.49488151867415,0,0,1.5852172518839185,1.1902297169988545,TNFAIP3
GO_Biological_Process_2023,Transmembrane Receptor Protein Serine/Threonine Kinase Signaling Pathway (GO:0007178),1/130,0.4799056771939823,0.502737420299277,0,0,1.5481168271865946,1.1365742744783855,FOS
GO_Biological_Process_2023,Synapse Organization (GO:0050808),1/131,0.4825231566060633,0.505017380542909,0,0,1.5361305361305362,1.119418823893266,C1QA
GO_Biological_Process_2023,Negative Regulation Of Cell Motility (GO:2000146),1/133,0.487719053875974,0.5099893303086669,0,0,1.512702785430058,1.0861444222602046,RAP2B
GO_Biological_Process_2023,Proteolysis (GO:0006508),2/330,0.4932881039918793,0.5153420429477206,0,0,1.2177700348432057,0.860551669771124,PLAU;CTSS
GO_Biological_Process_2023,Regulation Of Protein Kinase B Signaling (GO:0051896),1/136,0.4954162061866802,0.5170934877700536,0,0,1.4788627010849231,1.0386896427963577,CCL3
GO_Biological_Process_2023,Intracellular Calcium Ion Homeostasis (GO:0006874),1/139,0.502998845735877,0.5245297617191068,0,0,1.4464939247547943,0.993983474661611,CCL3
GO_Biological_Process_2023,Negative Regulation Of Wnt Signaling Pathway (GO:0030178),1/140,0.5055012372413341,0.526659614778278,0,0,1.4360148245040332,0.9796561960455776,APOE
GO_Biological_Process_2023,Positive Regulation Of Transferase Activity (GO:0051347),1/143,0.5129338125908852,0.5339174685605124,0,0,1.4054630815194196,0.9382990468495096,APOE
GO_Biological_Process_2023,Regulation Of Cold-Induced Thermogenesis (GO:0120161),1/146,0.5202557726245733,0.5410471023207415,0,0,1.3761755485893417,0.899240881378034,G0S2
GO_Biological_Process_2023,Negative Regulation Of Protein Metabolic Process (GO:0051248),1/147,0.5226721271590139,0.5425744203055947,0,0,1.366680503666805,0.8867035673377484,APOE
GO_Biological_Process_2023,Dephosphorylation (GO:0016311),1/147,0.5226721271590139,0.5425744203055947,0,0,1.366680503666805,0.8867035673377484,DUSP5
GO_Biological_Process_2023,Neuron Development (GO:0048666),1/150,0.5298491312613169,0.5495264993606956,0,0,1.3389600705036946,0.8504578563729338,APOE
GO_Biological_Process_2023,Positive Regulation Of NF-kappaB Transcription Factor Activity (GO:0051092),1/152,0.5345743423067151,0.5539254497205328,0,0,1.3210917118201886,0.8273792233748533,CLEC7A
GO_Biological_Process_2023,Regulation Of Cellular Component Organization (GO:0051128),1/153,0.5369192861105836,0.5558522446624035,0,0,1.312333864965444,0.8161502743919713,APOE
GO_Biological_Process_2023,Epithelium Development (GO:0060429),1/154,0.5392525329667543,0.5577634600243304,0,0,1.3036904997689311,0.8051218322041944,STAT1
GO_Biological_Process_2023,Regulation Of Macromolecule Metabolic Process (GO:0060255),1/162,0.557504289374834,0.5761213098683979,0,0,1.238408934061108,0.7235838652550021,APOE
GO_Biological_Process_2023,Adenylate Cyclase-Modulating G Protein-Coupled Receptor Signaling Pathway (GO:0007188),1/163,0.559734829149778,0.5768644278816344,0,0,1.2307020825539343,0.7141667289104645,RGS1
GO_Biological_Process_2023,Nitrogen Compound Transport (GO:0071705),1/163,0.559734829149778,0.5768644278816344,0,0,1.2307020825539343,0.7141667289104645,SLC15A3
GO_Biological_Process_2023,Negative Regulation Of Cell Migration (GO:0030336),1/163,0.559734829149778,0.5768644278816344,0,0,1.2307020825539343,0.7141667289104645,RAP2B
GO_Biological_Process_2023,Positive Regulation Of Cellular Process (GO:0048522),3/594,0.5739069469925009,0.5909383581892207,0,0,1.0104662724370714,0.5610998046416654,ZFP36;CLEC7A;NAMPT
GO_Biological_Process_2023,Metal Ion Transport (GO:0030001),1/171,0.5771829849119133,0.5937776439569998,0,0,1.172311348781937,0.6442975473743275,CCL3
GO_Biological_Process_2023,Regulation Of Neuron Projection Development (GO:0010975),1/174,0.58354802824362,0.5997867974317279,0,0,1.1518070882232732,0.6203961472877585,APOE
GO_Biological_Process_2023,Extracellular Matrix Organization (GO:0030198),1/176,0.5877385951928842,0.6035521896823789,0,0,1.1385281385281385,0.6050969607350297,CTSS
GO_Biological_Process_2023,Macromolecule Biosynthetic Process (GO:0009059),1/183,0.6020794872594002,0.6177249219641696,0,0,1.0943500943500943,0.5552358152068577,APOE
GO_Biological_Process_2023,Phosphate-Containing Compound Metabolic Process (GO:0006796),1/184,0.6040874563472056,0.6192302036862583,0,0,1.088314842413203,0.5485501823263738,DUSP5
GO_Biological_Process_2023,Vesicle-Mediated Transport (GO:0016192),2/411,0.6122474983956521,0.6270334397701446,0,0,0.9725562596676812,0.4771542577215638,DTX3L;CCL3
GO_Biological_Process_2023,Endocytosis (GO:0006897),1/189,0.6139778143964273,0.6282436081178814,0,0,1.0591016548463357,0.5166260638484753,APOE
GO_Biological_Process_2023,Neuron Projection Development (GO:0031175),1/192,0.6197942035221659,0.6336288955650714,0,0,1.042307895711037,0.4986065202419767,APOE
GO_Biological_Process_2023,Regulation Of Programmed Cell Death (GO:0043067),1/195,0.6255238170451477,0.6389159415849189,0,0,1.0260335311881703,0.4813799173761787,STAT1
GO_Biological_Process_2023,Endomembrane System Organization (GO:0010256),1/196,0.6274146268959372,0.6402760675542318,0,0,1.0207200207200209,0.4758062593684267,SNX10
GO_Biological_Process_2023,Negative Regulation Of Nucleic Acid-Templated Transcription (GO:1903507),2/456,0.6686881063909298,0.681787962437769,0,0,0.8741346758967904,0.3517846053152569,CDKN2A;IRF1
GO_Biological_Process_2023,Proteasomal Protein Catabolic Process (GO:0010498),1/220,0.6700631622295644,0.6825821359011132,0,0,0.9077533324108666,0.3634492739597634,PMAIP1
GO_Biological_Process_2023,Positive Regulation Of Protein Modification Process (GO:0031401),1/225,0.6783202133943429,0.6903792394102423,0,0,0.8872655122655123,0.344379519525088,PLAUR
GO_Biological_Process_2023,Regulation Of Cell Growth (GO:0001558),1/227,0.6815654540395655,0.6930661144540875,0,0,0.8793242156074015,0.3371003590491747,CDKN2A
GO_Biological_Process_2023,Chromatin Remodeling (GO:0006338),1/228,0.6831758984309778,0.6934719890988206,0,0,0.8754060428069239,0.3335322537698721,DTX3L
GO_Biological_Process_2023,Cilium Organization (GO:0044782),1/228,0.6831758984309778,0.6934719890988206,0,0,0.8754060428069239,0.3335322537698721,SNX10
GO_Biological_Process_2023,Negative Regulation Of Multicellular Organismal Process (GO:0051241),1/231,0.6879590095762926,0.6970912088184558,0,0,0.8638559508124726,0.323104604801154,RAB11FIP1
GO_Biological_Process_2023,Positive Regulation Of Phosphorylation (GO:0042327),1/231,0.6879590095762926,0.6970912088184558,0,0,0.8638559508124726,0.323104604801154,PLAUR
GO_Biological_Process_2023,Positive Regulation Of Developmental Process (GO:0051094),1/233,0.6911079624436063,0.6996627913332707,0,0,0.8563218390804598,0.3163760043404945,APOE
GO_Biological_Process_2023,Cilium Assembly (GO:0060271),1/243,0.7063869584837189,0.7144991762048217,0,0,0.8205192420068453,0.2852059996957823,SNX10
GO_Biological_Process_2023,Positive Regulation Of DNA-binding Transcription Factor Activity (GO:0051091),1/246,0.7108229973595908,0.718351572794997,0,0,0.8103483817769532,0.276597695305975,CLEC7A
GO_Biological_Process_2023,Regulation Of Protein Phosphorylation (GO:0001932),1/265,0.7374167776971414,0.7445698504966727,0,0,0.7513008876645241,0.2288477837396342,PLAUR
GO_Biological_Process_2023,Chemical Synaptic Transmission (GO:0007268),1/273,0.7478760316439829,0.7544652477818153,0,0,0.7289067142008319,0.2117605556665016,APOE
GO_Biological_Process_2023,Central Nervous System Development (GO:0007417),1/283,0.7603717602207258,0.7657217814008189,0,0,0.7027007665305538,0.1925033340493977,C1QA
GO_Biological_Process_2023,Positive Regulation Of Cell Differentiation (GO:0045597),1/283,0.7603717602207258,0.7657217814008189,0,0,0.7027007665305538,0.1925033340493977,ZFP36
GO_Biological_Process_2023,Transmembrane Receptor Protein Tyrosine Kinase Signaling Pathway (GO:0007169),1/284,0.7615870908484772,0.7662717214600231,0,0,0.7001820323375094,0.1906950986258781,NAMPT
GO_Biological_Process_2023,Protein Transport (GO:0015031),1/313,0.7942962380792371,0.798480414926011,0,0,0.6341621341621342,0.1460467731127653,APOE
GO_Biological_Process_2023,Supramolecular Fiber Organization (GO:0097435),1/316,0.7974150897750656,0.8009125243793421,0,0,0.6280262946929613,0.1421725426601114,B2M
GO_Biological_Process_2023,Organelle Assembly (GO:0070925),1/322,0.8035130220239355,0.8063298950196373,0,0,0.6160986815192423,0.1347789103383304,SNX10
GO_Biological_Process_2023,Protein-Containing Complex Assembly (GO:0065003),1/328,0.809429181545872,0.8115555279072008,0,0,0.6046087789207055,0.1278300119944724,GBP1
GO_Biological_Process_2023,Positive Regulation Of Protein Phosphorylation (GO:0001934),1/377,0.851586816325218,0.8530769069924539,0,0,0.5245003223726628,0.0842629841292361,PLAUR
GO_Biological_Process_2023,Protein Modification Process (GO:0036211),2/711,0.8750987152652783,0.875863661694706,0,0,0.5524020609654299,0.0737006994148297,DUSP5;UBE2L6
GO_Biological_Process_2023,Nervous System Development (GO:0007399),1/433,0.8885593282858228,0.8885593282858228,0,0,0.4552001496445941,0.0537836547902817,ZEB2
Reactome_2022,Interferon Signaling R-HSA-913531,27/200,1.6777969406958322e-31,7.264860753212953e-29,0,0,42.17507324412068,2988.637719505683,IFI6;UBE2L6;IFI35;IFIT1;IFIT3;IFIT2;ICAM1;GBP2;B2M;GBP1;HLA-DQA1;GBP4;GBP5;RSAD2;STAT1;MX2;MX1;ISG15;HLA-A;HLA-F;HLA-E;OAS1;OAS2;IRF1;OAS3;IRF7;XAF1
Reactome_2022,Interferon Alpha/Beta Signaling R-HSA-909733,20/72,3.2040610742566094e-30,6.93679222576556e-28,0,0,95.42307692307692,6480.480181039163,RSAD2;STAT1;MX2;MX1;IFI6;ISG15;IFI35;HLA-A;IFIT1;HLA-F;IFIT3;IFIT2;HLA-E;OAS1;OAS2;IRF1;OAS3;IRF7;GBP2;XAF1
Reactome_2022,Cytokine Signaling In Immune System R-HSA-1280215,35/702,6.766424279794963e-26,9.766205710504064e-24,0,0,15.526582862414946,899.8468306099438,IL1RN;CXCL8;CCL3L1;IFI6;NLRC5;UBE2L6;IFI35;IFIT1;IFIT3;IFIT2;ICAM1;CCL4;CCL3;GBP2;B2M;GBP1;HLA-DQA1;GBP4;GBP5;RSAD2;STAT1;MX2;MX1;ISG15;HLA-A;FOS;HLA-F;HLA-E;PSMB9;OAS1;OAS2;IRF1;OAS3;IRF7;XAF1
Reactome_2022,Immune System R-HSA-168256,50/1943,1.011950857687942e-24,1.0954368034471972e-22,0,0,9.512414157422082,525.5624253182104,IL1RN;CXCL8;NCF2;TNFAIP3;UBE2L6;IFI35;IFIT1;IFIT3;CTSS;IFIT2;ICAM1;IFIH1;PLAU;B2M;GBP5;RSAD2;DTX3L;PLAUR;CYBB;HLA-A;FOS;BTN3A2;HLA-F;HLA-E;RAP2B;OAS1;OAS2;IRF1;OAS3;IRF7;C1QA;CCL3L1;FGL2;IFI6;NLRC5;CLEC7A;CCL4;CCL3;GBP2;GBP1;HLA-DQA1;GBP4;STAT1;MX2;MX1;ISG15;LYZ;PSMB9;XAF1;CD68
Reactome_2022,Interferon Gamma Signaling R-HSA-877300,16/89,5.7046240462571705e-21,4.9402044240587105e-19,0,0,51.73385518590998,2411.470702431387,GBP5;STAT1;HLA-A;HLA-F;ICAM1;HLA-E;OAS1;OAS2;IRF1;OAS3;IRF7;GBP2;B2M;GBP1;GBP4;HLA-DQA1
Reactome_2022,Antiviral Mechanism By IFN-stimulated Genes R-HSA-1169410,9/83,3.275519881883099e-10,2.3638335147589698e-08,0,0,26.4974754974755,578.6882862130004,OAS1;OAS2;STAT1;OAS3;MX2;MX1;UBE2L6;ISG15;IFIT1
Reactome_2022,Endosomal/Vacuolar Pathway R-HSA-1236977,5/11,1.274061901329764e-09,7.880982903939827e-08,0,0,174.50877192982455,3574.1238767778955,HLA-A;HLA-F;B2M;CTSS;HLA-E
Reactome_2022,Innate Immune System R-HSA-168249,22/1035,6.286548836887197e-09,3.402594557965196e-07,0,0,5.258738957653074,99.3105152906265,C1QA;NCF2;FGL2;PLAUR;NLRC5;CYBB;TNFAIP3;UBE2L6;ISG15;HLA-A;FOS;LYZ;CTSS;HLA-E;PSMB9;IFIH1;RAP2B;PLAU;CLEC7A;IRF7;CD68;B2M
Reactome_2022,Antigen processing-Cross Presentation R-HSA-1236975,8/104,5.10059662205412e-08,2.453953708166037e-06,0,0,17.93840579710145,301.20956990452106,NCF2;CYBB;HLA-A;HLA-F;B2M;CTSS;HLA-E;PSMB9
Reactome_2022,Interleukin-10 Signaling R-HSA-6783783,6/45,9.338445461535767e-08,4.043546884844986e-06,0,0,32.50572831423895,526.1553022850553,IL1RN;CXCL8;CCL3L1;CCL4;CCL3;ICAM1
Reactome_2022,SARS-CoV-2 Activates/Modulates Innate And Adaptive Immune Responses R-HSA-9705671,8/121,1.6619219212191575e-07,6.541929017162683e-06,0,0,15.226625625240477,237.68946743341303,IFIH1;STAT1;IRF7;ISG15;HLA-A;HLA-F;B2M;HLA-E
Reactome_2022,Negative Regulators Of DDX58/IFIH1 Signaling R-HSA-936440,5/35,8.141181753380749e-07,2.9376097493448872e-05,0,0,34.85964912280702,488.7727284548838,IFIH1;NLRC5;TNFAIP3;UBE2L6;ISG15
Reactome_2022,SARS-CoV-2 Infection R-HSA-9694516,10/283,1.5491124886840963e-06,5.159736212309337e-05,0,0,7.9881969881969885,106.8647283655039,IFIH1;STAT1;IRF7;ISG15;HLA-A;HLA-F;PARP14;PARP9;B2M;HLA-E
Reactome_2022,ISG15 Antiviral Mechanism R-HSA-1169408,6/75,2.045889017738323e-06,6.327642462004957e-05,0,0,18.34505087881591,240.3142618906808,STAT1;MX2;MX1;UBE2L6;ISG15;IFIT1
Reactome_2022,DDX58/IFIH1-mediated Induction Of Interferon-Alpha/Beta R-HSA-168928,6/81,3.2187820878903624e-06,9.291550960376846e-05,0,0,16.872340425531913,213.37617979361437,IFIH1;IRF7;NLRC5;TNFAIP3;UBE2L6;ISG15
Reactome_2022,SARS-CoV-2-host Interactions R-HSA-9705683,8/196,6.35145971695772e-06,0.0001718863785901683,0,0,9.117483811285846,109.10734136823336,IFIH1;STAT1;IRF7;ISG15;HLA-A;HLA-F;B2M;HLA-E
Reactome_2022,OAS Antiviral Response R-HSA-8983711,3/9,9.967716330682825e-06,0.00025388359830503897,0,0,102.54639175257732,1180.940557869435,OAS1;OAS2;OAS3
Reactome_2022,"Antigen Presentation: Folding, Assembly, Peptide Loading Of Class I MHC R-HSA-983170",4/28,1.0984632189032872e-05,0.0002642414298806241,0,0,34.50694444444444,394.0352587856317,HLA-A;HLA-F;B2M;HLA-E
Reactome_2022,SARS-CoV Infections R-HSA-9679506,10/369,1.6046293503991898e-05,0.0003656865835383417,0,0,6.047972763850201,66.76981689647755,IFIH1;STAT1;IRF7;ISG15;HLA-A;HLA-F;PARP14;PARP9;B2M;HLA-E
Reactome_2022,Class I MHC Mediated Antigen Processing And Presentation R-HSA-983169,10/378,1.973527131344843e-05,0.0004272686239361585,0,0,5.897342995169082,63.88652468929192,DTX3L;NCF2;CYBB;UBE2L6;HLA-A;HLA-F;B2M;CTSS;HLA-E;PSMB9
Reactome_2022,Adaptive Immune System R-HSA-1280218,13/733,7.298943624386616e-05,0.0015049726615997,0,0,3.980523627075351,37.91526707881388,DTX3L;NCF2;CYBB;UBE2L6;HLA-A;BTN3A2;HLA-F;CTSS;ICAM1;HLA-E;PSMB9;B2M;HLA-DQA1
Reactome_2022,ER-Phagosome Pathway R-HSA-1236974,5/89,8.41005554683844e-05,0.0016552518417186,0,0,12.416040100250626,116.5058798270508,HLA-A;HLA-F;B2M;HLA-E;PSMB9
Reactome_2022,Signaling By Interleukins R-HSA-449147,10/453,9.038403290280125e-05,0.0017015776629092,0,0,4.880110358665664,45.44086911315559,IL1RN;CXCL8;CCL3L1;STAT1;CCL4;NLRC5;CCL3;FOS;ICAM1;PSMB9
Reactome_2022,Nicotinamide Salvaging R-HSA-197264,3/19,0.0001108806349755567,0.0020004714560173,0,0,38.43556701030928,350.03487252570744,NAMPT;PARP14;PARP9
Reactome_2022,Neutrophil Degranulation R-HSA-6798695,10/468,0.00011808354640569964,0.0020452070237467,0,0,4.716642406598739,42.657871260912046,RAP2B;PLAU;FGL2;PLAUR;CYBB;HLA-A;LYZ;CD68;B2M;CTSS
Reactome_2022,Chemokine Receptors Bind Chemokines R-HSA-380108,4/56,0.00017701179211161472,0.0029479271532434,0,0,15.903846153846152,137.39800592224685,CXCL8;CCL3L1;CCL4;CCL3
Reactome_2022,Immunoregulatory Interactions Between A Lymphoid And A non-Lymphoid Cell R-HSA-198933,5/123,0.0003829529324367381,0.0061414303609299,0,0,8.823371989295271,69.41874794685764,HLA-A;HLA-F;B2M;ICAM1;HLA-E
Reactome_2022,Nicotinate Metabolism R-HSA-196807,3/31,0.0004924436798304106,0.0076152897630917,0,0,21.949926362297496,167.17350275311443,NAMPT;PARP14;PARP9
Reactome_2022,Amyloid Fiber Formation R-HSA-977225,4/79,0.0006632466538337369,0.0098082462391701,0,0,11.01388888888889,80.60364364974052,UBE2L6;APOE;LYZ;B2M
Reactome_2022,Cross-presentation Of Particulate Exogenous Antigens (Phagosomes) R-HSA-1236973,2/8,0.0006795551666861537,0.0098082462391701,0,0,67.66666666666667,493.5655481733249,NCF2;CYBB
Reactome_2022,Plasma Lipoprotein Clearance R-HSA-8964043,3/35,0.0007067159044822667,0.0098712253755103,0,0,19.202319587628867,139.31055899468168,NCEH1;APOC1;APOE
Reactome_2022,Nef Mediated Downregulation Of MHC Class I Complex Cell Surface Expression R-HSA-164940,2/10,0.0010850384206118,0.0146819261289042,0,0,50.74489795918368,346.39177176286466,HLA-A;B2M
Reactome_2022,Maturation Of Nucleoprotein R-HSA-9683610,2/12,0.0015810451022911,0.0207452281603662,0,0,40.59183673469388,261.8039188938469,PARP14;PARP9
Reactome_2022,Dissolution Of Fibrin Clot R-HSA-75205,2/13,0.0018624280503563,0.0237185689942444,0,0,36.89981447124304,231.94759321375395,PLAU;PLAUR
Reactome_2022,Interleukin-4 And Interleukin-13 Signaling R-HSA-6785807,4/107,0.0020478312922353,0.0253345985582264,0,0,8.008495145631068,49.58038484161047,CXCL8;STAT1;FOS;ICAM1
Reactome_2022,TRAF3-dependent IRF Activation Pathway R-HSA-918233,2/15,0.0024908343052083,0.0299592015043111,0,0,31.21978021978022,187.16687708215863,IFIH1;IRF7
Reactome_2022,Plasma Lipoprotein Assembly R-HSA-8963898,2/16,0.0028374149918175,0.0332054240934329,0,0,28.988338192419825,170.01259891772904,APOC1;APOE
Reactome_2022,Infectious Disease R-HSA-5663205,12/961,0.0030319762394319,0.0345485713598428,0,0,2.7231056614618256,15.790038866326984,IFIH1;STAT1;GNB4;IRF7;ISG15;HLA-A;HLA-F;PARP14;PARP9;B2M;HLA-E;PSMB9
Reactome_2022,Programmed Cell Death R-HSA-5357801,5/208,0.0039273092491347,0.0436032026891113,0,0,5.106818771065595,28.290758493941148,CDKN2A;IRF1;TNFSF10;PMAIP1;PSMB9
Reactome_2022,Nef-mediated Downmodulation Of Cell Surface Receptors By Recruitment To Clathrin Adapters R-HSA-164938,2/20,0.004434499847536,0.0480034608495777,0,0,22.54195011337869,122.13995997533476,HLA-A;B2M
Reactome_2022,"Plasma Lipoprotein Assembly, Remodeling, And Clearance R-HSA-174824",3/71,0.0054200564280536,0.0572410837401759,0,0,9.020012128562763,47.06325773617709,NCEH1;APOC1;APOE
Reactome_2022,RHO GTPases Activate NADPH Oxidases R-HSA-5668599,2/24,0.0063585473607634,0.0655535954097755,0,0,18.43970315398887,93.26719485343038,NCF2;CYBB
Reactome_2022,Senescence-Associated Secretory Phenotype (SASP) R-HSA-2559582,3/81,0.007805783179295,0.0786024213170877,0,0,7.859635210150674,38.141948154855065,CXCL8;CDKN2A;FOS
Reactome_2022,Role Of Nef In HIV-1 Replication And Disease Pathogenesis R-HSA-164952,2/27,0.0080081065105895,0.078807048161029,0,0,16.224489795918366,78.32049478663112,HLA-A;B2M
Reactome_2022,DAP12 Signaling R-HSA-2424491,2/28,0.008596207471144,0.0809164746740294,0,0,15.599686028257455,74.19887958363982,B2M;HLA-E
Reactome_2022,TRAF6 Mediated IRF7 Activation R-HSA-933541,2/28,0.008596207471144,0.0809164746740294,0,0,15.599686028257455,74.19887958363982,IFIH1;IRF7
Reactome_2022,Toll-like Receptor Cascades R-HSA-168898,4/162,0.0089100918494989,0.0820865908687877,0,0,5.206223628691983,24.576346870058785,IRF7;NLRC5;FOS;CTSS
Reactome_2022,Translation Of Structural Proteins R-HSA-9683701,2/30,0.0098285778207101,0.0873593548607436,0,0,14.48396501457726,66.95156387938638,PARP14;PARP9
Reactome_2022,Signaling By Nuclear Receptors R-HSA-9006931,5/260,0.0098859316124167,0.0873593548607436,0,0,4.0546955624355006,18.71908018953391,APOC1;GNB4;FOSB;APOE;FOS
Reactome_2022,Termination Of Translesion DNA Synthesis R-HSA-5656169,2/32,0.0111345221222248,0.0964249615784674,0,0,13.517006802721088,60.79550767481704,UBE2L6;ISG15
Reactome_2022,Apoptosis R-HSA-109581,4/178,0.0122692683106663,0.1041684936964416,0,0,4.7236590038314175,20.787206152080348,CDKN2A;TNFSF10;PMAIP1;PSMB9
Reactome_2022,Detoxification Of Reactive Oxygen Species R-HSA-3299685,2/34,0.0125124802245355,0.1041904603312288,0,0,12.67091836734694,55.51165721021778,NCF2;CYBB
Reactome_2022,Cellular Response To Chemical Stress R-HSA-9711123,4/182,0.0132197339935216,0.108002732437639,0,0,4.616573033707865,19.97150068730587,NCF2;CDKN2A;CYBB;PSMB9
Reactome_2022,ROS And RNS Production In Phagocytes R-HSA-1222556,2/36,0.0139609152364795,0.1097611369559973,0,0,11.92436974789916,50.93486932982207,NCF2;CYBB
Reactome_2022,NR1H3 And NR1H2 Regulate Gene Expression Linked To Cholesterol Transport And Efflux R-HSA-9029569,2/36,0.0139609152364795,0.1097611369559973,0,0,11.92436974789916,50.93486932982207,APOC1;APOE
Reactome_2022,Metabolism Of Vitamins And Cofactors R-HSA-196854,4/186,0.0142159977931596,0.1097611369559973,0,0,4.51419413919414,19.200616217146138,NAMPT;APOE;PARP14;PARP9
Reactome_2022,MyD88 Dependent Cascade Initiated On Endosome R-HSA-975155,3/102,0.0145721785315227,0.1097611369559973,0,0,6.185879412683536,26.15786422245009,IRF7;NLRC5;FOS
Reactome_2022,Toll Like Receptor 3 (TLR3) Cascade R-HSA-168164,3/103,0.0149559054974684,0.1097611369559973,0,0,6.123711340206185,25.73580958877293,IRF7;NLRC5;FOS
Reactome_2022,Toll Like Receptor 7/8 (TLR7/8) Cascade R-HSA-168181,3/103,0.0149559054974684,0.1097611369559973,0,0,6.123711340206185,25.73580958877293,IRF7;NLRC5;FOS
Reactome_2022,Toll Like Receptor 9 (TLR9) Cascade R-HSA-168138,3/106,0.0161412670571553,0.1117717775416286,0,0,5.944450005004504,24.52903651782376,IRF7;NLRC5;FOS
Reactome_2022,Ovarian Tumor Domain Proteases R-HSA-5689896,2/39,0.0162624064321538,0.1117717775416286,0,0,10.955874241588528,45.126141525786544,IFIH1;TNFAIP3
Reactome_2022,Translesion Synthesis By Y Family DNA Polymerases Bypasses Lesions On DNA Template R-HSA-110313,2/39,0.0162624064321538,0.1117717775416286,0,0,10.955874241588528,45.126141525786544,UBE2L6;ISG15
Reactome_2022,NGF-stimulated Transcription R-HSA-9031628,2/39,0.0162624064321538,0.1117717775416286,0,0,10.955874241588528,45.126141525786544,FOSB;FOS
Reactome_2022,MyD88-independent TLR4 Cascade R-HSA-166166,3/107,0.0165478094013241,0.1119562729808338,0,0,5.886994448850119,24.14551684724853,IRF7;NLRC5;FOS
Reactome_2022,Peptide Ligand-Binding Receptors R-HSA-375276,4/196,0.0169115144434609,0.1126567039079786,0,0,4.276909722222222,17.448767607834622,CXCL8;CCL3L1;CCL4;CCL3
Reactome_2022,Interleukin-1 Signaling R-HSA-9020702,3/114,0.0195542061325188,0.1264346409564126,0,0,5.513792142658122,21.694372855325803,IL1RN;NLRC5;PSMB9
Reactome_2022,DAP12 Interactions R-HSA-2172127,2/43,0.0195637897091908,0.1264346409564126,0,0,9.885017421602788,38.888398778373954,B2M;HLA-E
Reactome_2022,NR1H2 And NR1H3-mediated Signaling R-HSA-9024446,2/46,0.0222080432575084,0.141412981330899,0,0,9.20964749536178,35.063897787087264,APOC1;APOE
Reactome_2022,Metabolism Of Water-Soluble Vitamins And Cofactors R-HSA-196849,3/122,0.0233355709159096,0.1464391624143313,0,0,5.141037858442346,19.318870909741264,NAMPT;PARP14;PARP9
Reactome_2022,DNA Damage Bypass R-HSA-73893,2/48,0.0240483300532171,0.1468257251372759,0,0,8.808340727595386,32.83476119194659,UBE2L6;ISG15
Reactome_2022,Activation Of NOXA And Translocation To Mitochondria R-HSA-111448,1/5,0.0247535287182936,0.1468257251372759,0,0,50.24242424242424,185.83603697375267,PMAIP1
Reactome_2022,Chylomicron Clearance R-HSA-8964026,1/5,0.0247535287182936,0.1468257251372759,0,0,50.24242424242424,185.83603697375267,APOE
Reactome_2022,VLDL Clearance R-HSA-8964046,1/5,0.0247535287182936,0.1468257251372759,0,0,50.24242424242424,185.83603697375267,APOC1
Reactome_2022,Host Interactions Of HIV Factors R-HSA-162909,3/130,0.0274860097045577,0.1608303000280202,0,0,4.81524474389155,17.306365881326172,HLA-A;B2M;PSMB9
Reactome_2022,SARS-CoV-1 Infection R-HSA-9678108,2/52,0.0279085775805053,0.1611255212314511,0,0,8.10204081632653,28.995755414400413,PARP9;PARP14
Reactome_2022,Classical Antibody-Mediated Complement Activation R-HSA-173623,1/6,0.0296309633944118,0.1682842481834085,0,0,40.19191919191919,141.432767389918,C1QA
Reactome_2022,Regulation Of RUNX3 Expression And Activity R-HSA-8941858,2/54,0.029925836282038,0.1682842481834085,0,0,7.789638932496075,27.33410071093129,CDKN2A;PSMB9
Reactome_2022,Intrinsic Pathway For Apoptosis R-HSA-109606,2/55,0.0309556684055239,0.171843646405024,0,0,7.642279553330766,26.55844340345009,CDKN2A;PMAIP1
Reactome_2022,Stabilization Of P53 R-HSA-69541,2/56,0.0319994177727201,0.1753892138682003,0,0,7.500377928949358,25.81658262777106,CDKN2A;PSMB9
Reactome_2022,Regulated Necrosis R-HSA-5218859,2/57,0.03305692249429,0.1756668223974063,0,0,7.363636363636363,25.106496966632545,IRF1;TNFSF10
Reactome_2022,Toll Like Receptor 4 (TLR4) Cascade R-HSA-166016,3/140,0.0331909659721763,0.1756668223974063,0,0,4.4615095191511775,15.19357050372498,IRF7;NLRC5;FOS
Reactome_2022,Late SARS-CoV-2 Infection Events R-HSA-9772573,2/58,0.0341280219187038,0.1756668223974063,0,0,7.231778425655976,24.426318589638807,PARP9;PARP14
Reactome_2022,Attachment Of GPI Anchor To uPAR R-HSA-162791,1/7,0.0344842492004146,0.1756668223974063,0,0,33.49158249158249,112.77461836050252,PLAUR
Reactome_2022,DEx/H-box Helicases Activate Type I IFN And Inflammatory Cytokines Production R-HSA-3134963,1/7,0.0344842492004146,0.1756668223974063,0,0,33.49158249158249,112.77461836050252,IRF7
Reactome_2022,Modulation By Mtb Of Host Immune System R-HSA-9637628,1/7,0.0344842492004146,0.1756668223974063,0,0,33.49158249158249,112.77461836050252,B2M
Reactome_2022,Signal Transduction R-HSA-162582,19/2465,0.0354074031635539,0.1782721577885915,0,0,1.6738136337482208,5.591934086125284,PPP1R15A;DUSP5;CXCL8;CCL3L1;NCF2;STAT1;CYBB;TNFAIP3;FOS;PSMB9;RGS1;CCL4;APOC1;EPSTI1;TNFSF10;GNB4;CCL3;FOSB;APOE
Reactome_2022,Nuclear Events (Kinase And Transcription Factor Activation) R-HSA-198725,2/61,0.0374213004237331,0.1862462423388096,0,0,6.863023175371843,22.54856700617945,FOSB;FOS
Reactome_2022,Signaling By Receptor Tyrosine Kinases R-HSA-9006934,6/496,0.0382324727342475,0.1881211442491953,0,0,2.5284411636995223,8.25300908294785,NCF2;STAT1;CYBB;FOSB;APOE;FOS
Reactome_2022,RUNX1 Regulates Transcription Of Genes Involved In Differentiation Of Keratinocytes R-HSA-8939242,1/8,0.0393135041520565,0.189141636642672,0,0,28.705627705627705,92.8967850071638,SERPINB13
Reactome_2022,TRAIL Signaling R-HSA-75158,1/8,0.0393135041520565,0.189141636642672,0,0,28.705627705627705,92.8967850071638,TNFSF10
Reactome_2022,Interleukin-1 Family Signaling R-HSA-446652,3/152,0.0407863209421978,0.1940711754722159,0,0,4.099702483913374,13.116623076227349,IL1RN;NLRC5;PSMB9
Reactome_2022,p53-Dependent G1 DNA Damage Response R-HSA-69563,2/65,0.0419931324107679,0.1959712763695218,0,0,6.425979915775834,20.37195761072225,CDKN2A;PSMB9
Reactome_2022,BH3-only Proteins Associate With And Inactivate Anti-Apoptotic BCL-2 Members R-HSA-111453,1/9,0.0441188457824273,0.1959712763695218,0,0,25.116161616161616,78.3842312444799,PMAIP1
Reactome_2022,Chylomicron Assembly R-HSA-8963888,1/9,0.0441188457824273,0.1959712763695218,0,0,25.116161616161616,78.3842312444799,APOE
Reactome_2022,Chylomicron Remodeling R-HSA-8963901,1/9,0.0441188457824273,0.1959712763695218,0,0,25.116161616161616,78.3842312444799,APOE
Reactome_2022,TRAF6 Mediated IRF7 Activation In TLR7/8 Or 9 Signaling R-HSA-975110,1/9,0.0441188457824273,0.1959712763695218,0,0,25.116161616161616,78.3842312444799,IRF7
Reactome_2022,Interleukin-9 Signaling R-HSA-8985947,1/9,0.0441188457824273,0.1959712763695218,0,0,25.116161616161616,78.3842312444799,STAT1
Reactome_2022,G1/S DNA Damage Checkpoints R-HSA-69615,2/67,0.0443537761760118,0.1959712763695218,0,0,6.227629513343799,19.402537395096388,CDKN2A;PSMB9
Reactome_2022,Activation Of AP-1 Family Of Transcription Factors R-HSA-450341,1/10,0.0489003911418304,0.2075869545530645,0,0,22.32435465768799,67.37423003045056,FOS
Reactome_2022,RUNX3 Regulates p14-ARF R-HSA-8951936,1/10,0.0489003911418304,0.2075869545530645,0,0,22.32435465768799,67.37423003045056,CDKN2A
Reactome_2022,HDL Remodeling R-HSA-8964058,1/10,0.0489003911418304,0.2075869545530645,0,0,22.32435465768799,67.37423003045056,APOE
Reactome_2022,Interleukin-21 Signaling R-HSA-9020958,1/10,0.0489003911418304,0.2075869545530645,0,0,22.32435465768799,67.37423003045056,STAT1
Reactome_2022,Cellular Senescence R-HSA-2559583,3/165,0.0499173804605357,0.2098468518389514,0,0,3.7682321496754487,11.29484640717825,CXCL8;CDKN2A;FOS
Reactome_2022,Regulation Of RUNX2 Expression And Activity R-HSA-8939902,2/72,0.0504637828415356,0.2101040189460091,0,0,5.78134110787172,17.265971584773993,STAT1;PSMB9
Reactome_2022,Extra-nuclear Estrogen Signaling R-HSA-9009391,2/73,0.0517203452860749,0.211218410664764,0,0,5.699626329405001,16.881746303056282,GNB4;FOS
Reactome_2022,CASP8 Activity Is Inhibited R-HSA-5218900,1/11,0.0536582567508638,0.211218410664764,0,0,20.09090909090909,58.76831842188268,TNFSF10
Reactome_2022,Dimerization Of Procaspase-8 R-HSA-69416,1/11,0.0536582567508638,0.211218410664764,0,0,20.09090909090909,58.76831842188268,TNFSF10
Reactome_2022,Signaling By PDGFRA Extracellular Domain Mutants R-HSA-9673770,1/11,0.0536582567508638,0.211218410664764,0,0,20.09090909090909,58.76831842188268,STAT1
Reactome_2022,Interleukin-27 Signaling R-HSA-9020956,1/11,0.0536582567508638,0.211218410664764,0,0,20.09090909090909,58.76831842188268,STAT1
Reactome_2022,Interleukin-6 Signaling R-HSA-1059683,1/11,0.0536582567508638,0.211218410664764,0,0,20.09090909090909,58.76831842188268,STAT1
Reactome_2022,Nuclear Events Mediated By NFE2L2 R-HSA-9759194,2/78,0.058168160710821,0.2217892795190725,0,0,5.323308270676692,15.141709290687697,CDKN2A;PSMB9
Reactome_2022,Butyrophilin (BTN) Family Interactions R-HSA-8851680,1/12,0.0583925585800791,0.2217892795190725,0,0,18.26354453627181,51.878818604154176,BTN3A2
Reactome_2022,TICAM1-dependent Activation Of IRF3/IRF7 R-HSA-9013973,1/12,0.0583925585800791,0.2217892795190725,0,0,18.26354453627181,51.878818604154176,IRF7
Reactome_2022,Interleukin-35 Signaling R-HSA-8984722,1/12,0.0583925585800791,0.2217892795190725,0,0,18.26354453627181,51.878818604154176,STAT1
Reactome_2022,TNFR1-induced Proapoptotic Signaling R-HSA-5357786,1/13,0.0631034120924418,0.2335365592822849,0,0,16.74074074074074,46.254339159717055,TNFAIP3
Reactome_2022,Trafficking And Processing Of Endosomal TLR R-HSA-1679131,1/13,0.0631034120924418,0.2335365592822849,0,0,16.74074074074074,46.254339159717055,CTSS
Reactome_2022,NF-kB Activation Thru FADD/RIP-1 Pathway Mediated By Caspase-8 And -10 R-HSA-933543,1/13,0.0631034120924418,0.2335365592822849,0,0,16.74074074074074,46.254339159717055,IFIH1
Reactome_2022,Regulation Of IFNG Signaling R-HSA-877312,1/14,0.0677909321684321,0.2463584268516231,0,0,15.452214452214452,41.58695944336839,STAT1
Reactome_2022,Creation Of C4 And C2 Activators R-HSA-166786,1/14,0.0677909321684321,0.2463584268516231,0,0,15.452214452214452,41.58695944336839,C1QA
Reactome_2022,ESR-mediated Signaling R-HSA-8939211,3/188,0.0682748527071473,0.2463584268516231,0,0,3.295904151574254,8.846911304865927,GNB4;FOSB;FOS
Reactome_2022,Hemostasis R-HSA-109582,6/576,0.0689411145407834,0.2467066330261092,0,0,2.16461366181411,5.789264760886409,PLAU;IRF1;CEACAM5;PLEK;GNB4;PLAUR
Reactome_2022,Cellular Responses To Stress R-HSA-2262752,7/722,0.0699519231287016,0.2479163547828465,0,0,2.019625535754568,5.372097057315897,PPP1R15A;CXCL8;NCF2;CDKN2A;CYBB;FOS;PSMB9
Reactome_2022,RAC2 GTPase Cycle R-HSA-9013404,2/87,0.0704242763009009,0.2479163547828465,0,0,4.75750300120048,12.622688988987855,NCF2;CYBB
Reactome_2022,G Alpha (I) Signaling Events R-HSA-418594,4/312,0.0714060975286827,0.2488342032013536,0,0,2.6504329004329006,6.995478421649434,CXCL8;RGS1;CCL4;GNB4
Reactome_2022,Regulation Of mRNA Stability By Proteins That Bind AU-rich Elements R-HSA-450531,2/88,0.071834354272908,0.2488342032013536,0,0,4.701945894636925,12.382068798517093,ZFP36;PSMB9
Reactome_2022,Response Of EIF2AK1 (HRI) To Heme Deficiency R-HSA-9648895,1/15,0.0724552331756038,0.2489929838494957,0,0,14.347763347763347,37.6598138369901,PPP1R15A
Reactome_2022,Cellular Responses To Stimuli R-HSA-8953897,7/736,0.075763713760568,0.2516781490970409,0,0,1.9793943684823807,5.107106294678086,PPP1R15A;CXCL8;NCF2;CDKN2A;CYBB;FOS;PSMB9
Reactome_2022,Signaling By TGF-beta Receptor Complex R-HSA-170834,2/91,0.0761192182371278,0.2516781490970409,0,0,4.542765420775051,11.699685676018186,PPP1R15A;STAT1
Reactome_2022,Caspase Activation Via Death Receptors In Presence Of Ligand R-HSA-140534,1/16,0.0770964289305897,0.2516781490970409,0,0,13.390572390572393,34.31599732708391,TNFSF10
Reactome_2022,Post-translational Modification: Synthesis Of GPI-anchored Proteins R-HSA-163125,2/92,0.0775653030615549,0.2516781490970409,0,0,4.492063492063492,11.484567093173029,CEACAM5;PLAUR
Reactome_2022,Oxidative Stress Induced Senescence R-HSA-2559580,2/93,0.0790200821692442,0.2516781490970409,0,0,4.442475891455484,11.27524039277228,CDKN2A;FOS
Reactome_2022,RAC3 GTPase Cycle R-HSA-9013423,2/93,0.0790200821692442,0.2516781490970409,0,0,4.442475891455484,11.27524039277228,NCF2;CYBB
Reactome_2022,VEGFA-VEGFR2 Pathway R-HSA-4420097,2/93,0.0790200821692442,0.2516781490970409,0,0,4.442475891455484,11.27524039277228,NCF2;CYBB
Reactome_2022,GPCR Ligand Binding R-HSA-500792,5/458,0.0797805456664638,0.2516781490970409,0,0,2.25943999070524,5.712938870094326,CXCL8;CCL3L1;CCL4;GNB4;CCL3
Reactome_2022,Downstream TCR Signaling R-HSA-202424,2/94,0.0804834345723507,0.2516781490970409,0,0,4.39396628216504,11.071493966406615,HLA-DQA1;PSMB9
Reactome_2022,Class A/1 (Rhodopsin-like Receptors) R-HSA-373076,4/327,0.0816177207381711,0.2516781490970409,0,0,2.5254127966976263,6.3279492569162334,CXCL8;CCL3L1;CCL4;CCL3
Reactome_2022,Activation Of IRF3/IRF7 Mediated By TBK1/IKK Epsilon R-HSA-936964,1/17,0.0817146326715556,0.2516781490970409,0,0,12.553030303030305,31.43934295429433,IRF7
Reactome_2022,Signaling By Cytosolic FGFR1 Fusion Mutants R-HSA-1839117,1/17,0.0817146326715556,0.2516781490970409,0,0,12.553030303030305,31.43934295429433,STAT1
Reactome_2022,Translocation Of ZAP-70 To Immunological Synapse R-HSA-202430,1/17,0.0817146326715556,0.2516781490970409,0,0,12.553030303030305,31.43934295429433,HLA-DQA1
Reactome_2022,"Tristetraprolin (TTP, ZFP36) Binds And Destabilizes mRNA R-HSA-450513",1/17,0.0817146326715556,0.2516781490970409,0,0,12.553030303030305,31.43934295429433,ZFP36
Reactome_2022,Transcriptional Regulation By RUNX3 R-HSA-8878159,2/95,0.0819552402371426,0.2516781490970409,0,0,4.346499890278692,10.873126025503971,CDKN2A;PSMB9
Reactome_2022,MyD88 Cascade Initiated On Plasma Membrane R-HSA-975871,2/96,0.0834353800745875,0.2544191519175804,0,0,4.300043421623969,10.679944049183517,NLRC5;FOS
Reactome_2022,Regulation Of NF-kappa B Signaling R-HSA-9758274,1/18,0.0863099571505927,0.2570098513940551,0,0,11.81402257872846,28.942114306609312,NLRC5
Reactome_2022,G Beta:Gamma Signaling Thru BTK R-HSA-8964315,1/18,0.0863099571505927,0.2570098513940551,0,0,11.81402257872846,28.942114306609312,GNB4
Reactome_2022,LDL Clearance R-HSA-8964038,1/18,0.0863099571505927,0.2570098513940551,0,0,11.81402257872846,28.942114306609312,NCEH1
Reactome_2022,CLEC7A (Dectin-1) Signaling R-HSA-5607764,2/99,0.0879246283814666,0.2570098513940551,0,0,4.166421207658321,10.129717084781952,CLEC7A;PSMB9
Reactome_2022,KEAP1-NFE2L2 Pathway R-HSA-9755511,2/100,0.0894369333512961,0.2570098513940551,0,0,4.123698458975427,9.95552171579456,CDKN2A;PSMB9
Reactome_2022,Prostacyclin Signaling Thru Prostacyclin Receptor R-HSA-392851,1/19,0.0908825145361798,0.2570098513940551,0,0,11.15712682379349,26.75688382123247,GNB4
Reactome_2022,SUMOylation Of Transcription Factors R-HSA-3232118,1/19,0.0908825145361798,0.2570098513940551,0,0,11.15712682379349,26.75688382123247,CDKN2A
Reactome_2022,Scavenging By Class A Receptors R-HSA-3000480,1/19,0.0908825145361798,0.2570098513940551,0,0,11.15712682379349,26.75688382123247,APOE
Reactome_2022,Signaling By KIT In Disease R-HSA-9669938,1/19,0.0908825145361798,0.2570098513940551,0,0,11.15712682379349,26.75688382123247,STAT1
Reactome_2022,Signaling By PDGFR In Disease R-HSA-9671555,1/19,0.0908825145361798,0.2570098513940551,0,0,11.15712682379349,26.75688382123247,STAT1
Reactome_2022,TRAF6 Mediated Induction Of NFkB And MAP Kinases Upon TLR7/8 Or 9 Activation R-HSA-975138,2/101,0.0909569913965944,0.2570098513940551,0,0,4.081838796124511,9.785671777221246,NLRC5;FOS
Reactome_2022,Disease R-HSA-1643685,13/1736,0.0918592929593053,0.2570098513940551,0,0,1.576380411071307,3.763603970558126,STAT1;CDKN2A;ISG15;HLA-A;HLA-F;PARP14;PARP9;HLA-E;PSMB9;IFIH1;GNB4;IRF7;B2M
Reactome_2022,Signaling By VEGF R-HSA-194138,2/102,0.0924846891098034,0.2570098513940551,0,0,4.040816326530612,9.62002061056518,NCF2;CYBB
Reactome_2022,Phosphorylation Of CD3 And TCR Zeta Chains R-HSA-202427,1/20,0.0954324164624814,0.2570098513940551,0,0,10.569377990430622,24.83103038927071,HLA-DQA1
Reactome_2022,Apoptotic Factor-Mediated Response R-HSA-111471,1/20,0.0954324164624814,0.2570098513940551,0,0,10.569377990430622,24.83103038927071,CDKN2A
Reactome_2022,G Beta:Gamma Signaling Thru CDC42 R-HSA-8964616,1/20,0.0954324164624814,0.2570098513940551,0,0,10.569377990430622,24.83103038927071,GNB4
Reactome_2022,G Beta:Gamma Signaling Thru PLC Beta R-HSA-418217,1/20,0.0954324164624814,0.2570098513940551,0,0,10.569377990430622,24.83103038927071,GNB4
Reactome_2022,TP53 Regulates Transcription Of Genes Involved In Cytochrome C Release R-HSA-6803204,1/20,0.0954324164624814,0.2570098513940551,0,0,10.569377990430622,24.83103038927071,PMAIP1
Reactome_2022,MHC Class II Antigen Presentation R-HSA-2132295,2/104,0.0955625544444408,0.2570098513940551,0,0,3.961184473789516,9.300759047174036,HLA-DQA1;CTSS
Reactome_2022,PD-1 Signaling R-HSA-389948,1/21,0.0999597740324998,0.2639181838784903,0,0,10.04040404040404,23.1229243332888,HLA-DQA1
Reactome_2022,Presynaptic Function Of Kainate Receptors R-HSA-500657,1/21,0.0999597740324998,0.2639181838784903,0,0,10.04040404040404,23.1229243332888,GNB4
Reactome_2022,Initial Triggering Of Complement R-HSA-166663,1/21,0.0999597740324998,0.2639181838784903,0,0,10.04040404040404,23.1229243332888,C1QA
Reactome_2022,ADP Signaling Thru P2Y Purinoceptor 12 R-HSA-392170,1/22,0.104464697819105,0.2741406918525605,0,0,9.561808561808562,21.59922753970687,GNB4
Reactome_2022,HIV Infection R-HSA-162906,3/229,0.1073236499210804,0.2771704357236322,0,0,2.6923638354164767,6.009103656199773,HLA-A;B2M;PSMB9
Reactome_2022,MyD88:MAL(TIRAP) Cascade Initiated On Plasma Membrane R-HSA-166058,2/112,0.1081575453020714,0.2771704357236322,0,0,3.6716141001855287,8.166280575904093,NLRC5;FOS
Reactome_2022,RAF-independent MAPK1/3 Activation R-HSA-112409,1/23,0.1089472978360328,0.2771704357236322,0,0,9.1267217630854,20.232947516534363,DUSP5
Reactome_2022,Signaling By NTRK1 (TRKA) R-HSA-187037,2/114,0.1113729080000625,0.2771704357236322,0,0,3.6056851311953353,7.914014366919983,FOSB;FOS
Reactome_2022,Defective Intrinsic Pathway For Apoptosis R-HSA-9734009,1/24,0.113407683581024,0.2771704357236322,0,0,8.729468599033817,19.002011610155247,CDKN2A
Reactome_2022,Estrogen-dependent Nuclear Events Downstream Of ESR-membrane Signaling R-HSA-9634638,1/24,0.113407683581024,0.2771704357236322,0,0,8.729468599033817,19.002011610155247,FOS
Reactome_2022,G-protein Activation R-HSA-202040,1/24,0.113407683581024,0.2771704357236322,0,0,8.729468599033817,19.002011610155247,GNB4
Reactome_2022,Thromboxane Signaling Thru TP Receptor R-HSA-428930,1/24,0.113407683581024,0.2771704357236322,0,0,8.729468599033817,19.002011610155247,GNB4
Reactome_2022,Growth Hormone Receptor Signaling R-HSA-982772,1/24,0.113407683581024,0.2771704357236322,0,0,8.729468599033817,19.002011610155247,STAT1
Reactome_2022,Interleukin-6 Family Signaling R-HSA-6783589,1/24,0.113407683581024,0.2771704357236322,0,0,8.729468599033817,19.002011610155247,STAT1
Reactome_2022,TCR Signaling R-HSA-202403,2/116,0.1146132582954132,0.2771704357236322,0,0,3.5420694593626925,7.672801780572879,HLA-DQA1;PSMB9
Reactome_2022,ADP Signaling Thru P2Y Purinoceptor 1 R-HSA-418592,1/25,0.1178459640404217,0.2771704357236322,0,0,8.365319865319865,17.88820673407011,GNB4
Reactome_2022,Regulation Of IFNA/IFNB Signaling R-HSA-912694,1/25,0.1178459640404217,0.2771704357236322,0,0,8.365319865319865,17.88820673407011,STAT1
Reactome_2022,G Beta:Gamma Signaling Thru PI3Kgamma R-HSA-392451,1/25,0.1178459640404217,0.2771704357236322,0,0,8.365319865319865,17.88820673407011,GNB4
Reactome_2022,TRAF6 Mediated NF-kB Activation R-HSA-933542,1/25,0.1178459640404217,0.2771704357236322,0,0,8.365319865319865,17.88820673407011,IFIH1
Reactome_2022,Inactivation Of CSF3 (G-CSF) Signaling R-HSA-9705462,1/25,0.1178459640404217,0.2771704357236322,0,0,8.365319865319865,17.88820673407011,STAT1
Reactome_2022,NOTCH3 Intracellular Domain Regulates Transcription R-HSA-9013508,1/25,0.1178459640404217,0.2771704357236322,0,0,8.365319865319865,17.88820673407011,STAT1
Reactome_2022,Estrogen-dependent Gene Expression R-HSA-9018519,2/119,0.1195188772922953,0.2771704357236322,0,0,3.450723879295308,7.330307004338375,FOSB;FOS
Reactome_2022,Signaling By TGFB Family Members R-HSA-9006936,2/119,0.1195188772922953,0.2771704357236322,0,0,3.450723879295308,7.330307004338375,PPP1R15A;STAT1
Reactome_2022,Transcriptional Regulation By RUNX2 R-HSA-8878166,2/119,0.1195188772922953,0.2771704357236322,0,0,3.450723879295308,7.330307004338375,STAT1;PSMB9
Reactome_2022,Pyroptosis R-HSA-5620971,1/26,0.1222622476286691,0.2771704357236322,0,0,8.030303030303031,16.876380218002918,IRF1
Reactome_2022,Caspase Activation Via Extrinsic Apoptotic Signaling Pathway R-HSA-5357769,1/26,0.1222622476286691,0.2771704357236322,0,0,8.030303030303031,16.876380218002918,TNFSF10
Reactome_2022,Downregulation Of TGF-beta Receptor Signaling R-HSA-2173788,1/26,0.1222622476286691,0.2771704357236322,0,0,8.030303030303031,16.876380218002918,PPP1R15A
Reactome_2022,TNFR1-induced NFkappaB Signaling Pathway R-HSA-5357956,1/26,0.1222622476286691,0.2771704357236322,0,0,8.030303030303031,16.876380218002918,TNFAIP3
Reactome_2022,Infection With Mycobacterium Tuberculosis R-HSA-9635486,1/26,0.1222622476286691,0.2771704357236322,0,0,8.030303030303031,16.876380218002918,B2M
Reactome_2022,Interleukin-20 Family Signaling R-HSA-8854691,1/26,0.1222622476286691,0.2771704357236322,0,0,8.030303030303031,16.876380218002918,STAT1
Reactome_2022,ATF4 Activates Genes In Response To Endoplasmic Reticulum Stress R-HSA-380994,1/27,0.1266566423028266,0.2841571301405385,0,0,7.721056721056721,15.953830010816358,CXCL8
Reactome_2022,"BMAL1:CLOCK,NPAS2 Activates Circadian Gene Expression R-HSA-1368108",1/27,0.1266566423028266,0.2841571301405385,0,0,7.721056721056721,15.953830010816358,NAMPT
Reactome_2022,"Adrenaline,noradrenaline Inhibits Insulin Secretion R-HSA-400042",1/28,0.1310292553948657,0.2897144221787082,0,0,7.434717545828657,15.109834134055738,GNB4
Reactome_2022,Downstream Signal Transduction R-HSA-186763,1/28,0.1310292553948657,0.2897144221787082,0,0,7.434717545828657,15.109834134055738,STAT1
Reactome_2022,Signaling By GPCR R-HSA-372790,6/689,0.1311409393695769,0.2897144221787082,0,0,1.795925360580667,3.648391230590872,CXCL8;CCL3L1;RGS1;CCL4;GNB4;CCL3
Reactome_2022,Activation Of G Protein Gated Potassium Channels R-HSA-1296041,1/29,0.13538019382269,0.2930981196261239,0,0,7.1688311688311686,14.335283778329618,GNB4
Reactome_2022,Activation Of Kainate Receptors Upon Glutamate Binding R-HSA-451326,1/29,0.13538019382269,0.2930981196261239,0,0,7.1688311688311686,14.335283778329618,GNB4
Reactome_2022,Regulation Of Necroptotic Cell Death R-HSA-5675482,1/29,0.13538019382269,0.2930981196261239,0,0,7.1688311688311686,14.335283778329618,TNFSF10
Reactome_2022,FCERI Mediated MAPK Activation R-HSA-2871796,1/29,0.13538019382269,0.2930981196261239,0,0,7.1688311688311686,14.335283778329618,FOS
Reactome_2022,Fc Epsilon Receptor (FCERI) Signaling R-HSA-2454202,2/130,0.1379293598318549,0.2950938593993099,0,0,3.152423469387755,6.244993797842871,FOS;PSMB9
Reactome_2022,Activation Of BH3-only Proteins R-HSA-114452,1/30,0.1397095639188418,0.2950938593993099,0,0,6.921281783350749,13.622394510819325,PMAIP1
Reactome_2022,Signaling By CSF3 (G-CSF) R-HSA-9674555,1/30,0.1397095639188418,0.2950938593993099,0,0,6.921281783350749,13.622394510819325,STAT1
Reactome_2022,FGFR1 Mutant Receptor Activation R-HSA-1839124,1/30,0.1397095639188418,0.2950938593993099,0,0,6.921281783350749,13.622394510819325,STAT1
Reactome_2022,MAPK Targets/ Nuclear Events Mediated By MAP Kinases R-HSA-450282,1/30,0.1397095639188418,0.2950938593993099,0,0,6.921281783350749,13.622394510819325,FOS
Reactome_2022,Signaling By NTRKs R-HSA-166520,2/132,0.1413417095746185,0.297092040028203,0,0,3.1036106750392465,6.072446585747735,FOSB;FOS
Reactome_2022,Transport Of Small Molecules R-HSA-382551,6/706,0.1422983684004772,0.2976579396976165,0,0,1.750759878419453,3.413682802926121,NCEH1;APOC1;GNB4;APOE;SLC15A3;PSMB9
Reactome_2022,RIPK1-mediated Regulated Necrosis R-HSA-5213460,1/31,0.1440174715013112,0.2983711251677883,0,0,6.69023569023569,12.964476920040203,TNFSF10
Reactome_2022,Downregulation Of SMAD2/3:SMAD4 Transcriptional Activity R-HSA-2173795,1/31,0.1440174715013112,0.2983711251677883,0,0,6.69023569023569,12.964476920040203,STAT1
Reactome_2022,PERK Regulates Gene Expression R-HSA-381042,1/32,0.1483040219339779,0.2986774023135462,0,0,6.474095796676441,12.355752978101908,CXCL8
Reactome_2022,G-protein Beta:Gamma Signaling R-HSA-397795,1/32,0.1483040219339779,0.2986774023135462,0,0,6.474095796676441,12.355752978101908,GNB4
Reactome_2022,Generation Of Second Messenger Molecules R-HSA-202433,1/32,0.1483040219339779,0.2986774023135462,0,0,6.474095796676441,12.355752978101908,HLA-DQA1
Reactome_2022,Glucagon Signaling In Metabolic Regulation R-HSA-163359,1/32,0.1483040219339779,0.2986774023135462,0,0,6.474095796676441,12.355752978101908,GNB4
Reactome_2022,Thrombin Signaling Thru Proteinase Activated Receptors (PARs) R-HSA-456926,1/32,0.1483040219339779,0.2986774023135462,0,0,6.474095796676441,12.355752978101908,GNB4
Reactome_2022,Nuclear Signaling By ERBB4 R-HSA-1251985,1/32,0.1483040219339779,0.2986774023135462,0,0,6.474095796676441,12.355752978101908,APOE
Reactome_2022,Oncogene Induced Senescence R-HSA-2559585,1/33,0.152569319997184,0.3002841616308214,0,0,6.271464646464646,11.79120788980768,CDKN2A
Reactome_2022,Plasma Lipoprotein Remodeling R-HSA-8963899,1/33,0.152569319997184,0.3002841616308214,0,0,6.271464646464646,11.79120788980768,APOE
Reactome_2022,Signal Amplification R-HSA-392518,1/33,0.152569319997184,0.3002841616308214,0,0,6.271464646464646,11.79120788980768,GNB4
Reactome_2022,Glucagon-type Ligand Receptors R-HSA-420092,1/33,0.152569319997184,0.3002841616308214,0,0,6.271464646464646,11.79120788980768,GNB4
Reactome_2022,NOD1/2 Signaling Pathway R-HSA-168638,1/33,0.152569319997184,0.3002841616308214,0,0,6.271464646464646,11.79120788980768,TNFAIP3
Reactome_2022,Death Receptor Signaling R-HSA-73887,2/139,0.1534237633251,0.3005995000894493,0,0,2.9439892745419334,5.518659484645247,TNFSF10;TNFAIP3
Reactome_2022,C-type Lectin Receptors (CLRs) R-HSA-5621481,2/141,0.1569126493942934,0.3060503476924732,0,0,2.9013360739979444,5.373465902307152,CLEC7A;PSMB9
Reactome_2022,Beta-catenin Independent WNT Signaling R-HSA-3858494,2/142,0.1586628248567463,0.3080762473675836,0,0,2.880466472303207,5.302863672530919,GNB4;PSMB9
Reactome_2022,Regulation Of TNFR1 Signaling R-HSA-5357905,1/35,0.1610365757741949,0.3099059436010062,0,0,5.901960784313726,10.777710825180796,TNFAIP3
Reactome_2022,Inwardly Rectifying K+ Channels R-HSA-1296065,1/35,0.1610365757741949,0.3099059436010062,0,0,5.901960784313726,10.777710825180796,GNB4
Reactome_2022,Deubiquitination R-HSA-5688426,3/279,0.1638850287087678,0.3124383173166685,0,0,2.1990138951142986,3.9771148516444095,IFIH1;TNFAIP3;PSMB9
Reactome_2022,Regulation Of TP53 Degradation R-HSA-6804757,1/36,0.165238740567014,0.3124383173166685,0,0,5.733044733044733,10.321566994169176,CDKN2A
Reactome_2022,Signaling By FGFR1 In Disease R-HSA-5655302,1/36,0.165238740567014,0.3124383173166685,0,0,5.733044733044733,10.321566994169176,STAT1
Reactome_2022,Transcriptional Regulation By AP-2 (TFAP2) Family Of Transcription Factors R-HSA-8864260,1/36,0.165238740567014,0.3124383173166685,0,0,5.733044733044733,10.321566994169176,APOE
Reactome_2022,Mitotic G1 Phase And G1/S Transition R-HSA-453279,2/147,0.1674678305136682,0.3152763939670362,0,0,2.780436312456017,4.968539602428729,CDKN2A;PSMB9
Reactome_2022,Regulation Of TP53 Expression And Degradation R-HSA-6806003,1/37,0.1694200671801256,0.3162021081422172,0,0,5.57351290684624,9.895070145641316,CDKN2A
Reactome_2022,Cooperation Of PDCL (PhLP1) And TRiC/CCT In G-protein Beta Folding R-HSA-6814122,1/37,0.1694200671801256,0.3162021081422172,0,0,5.57351290684624,9.895070145641316,GNB4
Reactome_2022,Transcriptional Regulation By VENTX R-HSA-8853884,1/39,0.1777206145684703,0.3302704983182303,0,0,5.279638490164806,9.12080010262218,CDKN2A
Reactome_2022,Binding And Uptake Of Ligands By Scavenger Receptors R-HSA-2173782,1/41,0.1859390303366049,0.341401078936488,0,0,5.015151515151516,8.43717221072756,APOE
Reactome_2022,Negative Regulation Of MAPK Pathway R-HSA-5675221,1/41,0.1859390303366049,0.341401078936488,0,0,5.015151515151516,8.43717221072756,DUSP5
Reactome_2022,Activation Of GABAB Receptors R-HSA-991365,1/42,0.1900176905858975,0.341401078936488,0,0,4.892584380389258,8.124812043283224,GNB4
Reactome_2022,RND1 GTPase Cycle R-HSA-9696273,1/42,0.1900176905858975,0.341401078936488,0,0,4.892584380389258,8.124812043283224,EPSTI1
Reactome_2022,Signaling By SCF-KIT R-HSA-1433557,1/42,0.1900176905858975,0.341401078936488,0,0,4.892584380389258,8.124812043283224,STAT1
Reactome_2022,Glucagon-like Peptide-1 (GLP1) Regulates Insulin Secretion R-HSA-381676,1/42,0.1900176905858975,0.341401078936488,0,0,4.892584380389258,8.124812043283224,GNB4
Reactome_2022,Vasopressin Regulates Renal Water Homeostasis Via Aquaporins R-HSA-432040,1/42,0.1900176905858975,0.341401078936488,0,0,4.892584380389258,8.124812043283224,GNB4
Reactome_2022,NS1 Mediated Effects On Host Pathways R-HSA-168276,1/42,0.1900176905858975,0.341401078936488,0,0,4.892584380389258,8.124812043283224,ISG15
Reactome_2022,Retinoid Metabolism And Transport R-HSA-975634,1/43,0.1940761190078197,0.3458228787258681,0,0,4.775853775853776,7.830035336967146,APOE
Reactome_2022,GPER1 Signaling R-HSA-9634597,1/43,0.1940761190078197,0.3458228787258681,0,0,4.775853775853776,7.830035336967146,GNB4
Reactome_2022,TGF-beta Receptor Signaling Activates SMADs R-HSA-2173789,1/44,0.1981144149654997,0.3470237789031171,0,0,4.664552501761804,7.551493311263548,PPP1R15A
Reactome_2022,TNF Signaling R-HSA-75893,1/44,0.1981144149654997,0.3470237789031171,0,0,4.664552501761804,7.551493311263548,TNFAIP3
Reactome_2022,TP53 Regulates Transcription Of Cell Death Genes R-HSA-5633008,1/44,0.1981144149654997,0.3470237789031171,0,0,4.664552501761804,7.551493311263548,PMAIP1
Reactome_2022,Interleukin-2 Family Signaling R-HSA-451927,1/44,0.1981144149654997,0.3470237789031171,0,0,4.664552501761804,7.551493311263548,STAT1
Reactome_2022,Antigen Processing: Ubiquitination And Proteasome Degradation R-HSA-983168,3/307,0.1987572682863118,0.3470237789031171,0,0,1.9936245252306024,3.2210412428282726,DTX3L;UBE2L6;PSMB9
Reactome_2022,Regulation Of Complement Cascade R-HSA-977606,1/45,0.2021326772791743,0.3500937970475299,0,0,4.558310376492194,7.287967841732019,C1QA
Reactome_2022,TAK1-dependent IKK And NF-kappa-B Activation R-HSA-445989,1/45,0.2021326772791743,0.3500937970475299,0,0,4.558310376492194,7.287967841732019,NLRC5
Reactome_2022,Cyclin D Associated Events In G1 R-HSA-69231,1/47,0.2101094941683413,0.3595945097821809,0,0,4.359683794466403,6.801658146757973,CDKN2A
Reactome_2022,G Alpha (Z) Signaling Events R-HSA-418597,1/47,0.2101094941683413,0.3595945097821809,0,0,4.359683794466403,6.801658146757973,GNB4
Reactome_2022,Metabolism Of Fat-Soluble Vitamins R-HSA-6806667,1/47,0.2101094941683413,0.3595945097821809,0,0,4.359683794466403,6.801658146757973,APOE
Reactome_2022,Cross-presentation Of Soluble Exogenous Antigens (Endosomes) R-HSA-1236978,1/48,0.2140682440880332,0.364927360984718,0,0,4.266709649688373,6.576964036635908,PSMB9
Reactome_2022,Regulation Of Activated PAK-2p34 By Proteasome Mediated Degradation R-HSA-211733,1/49,0.21800735103248,0.3687389960822807,0,0,4.177609427609427,6.363445371866637,PSMB9
Reactome_2022,Signaling By NOTCH3 R-HSA-9012852,1/49,0.21800735103248,0.3687389960822807,0,0,4.177609427609427,6.363445371866637,STAT1
Reactome_2022,Aquaporin-mediated Transport R-HSA-445717,1/50,0.2219269115603851,0.3689928316122624,0,0,4.092145949288806,6.1603458876211565,GNB4
Reactome_2022,Regulation Of Ornithine Decarboxylase (ODC) R-HSA-350562,1/50,0.2219269115603851,0.3689928316122624,0,0,4.092145949288806,6.1603458876211565,PSMB9
Reactome_2022,RAC1 GTPase Cycle R-HSA-9013149,2/178,0.2235668416141477,0.3689928316122624,0,0,2.287105751391466,3.4261869740159687,NCF2;CYBB
Reactome_2022,Autodegradation Of E3 Ubiquitin Ligase COP1 R-HSA-349425,1/51,0.2258270216564654,0.3689928316122624,0,0,4.01010101010101,5.966974015935645,PSMB9
Reactome_2022,GSK3B And BTRC:CUL1-mediated-degradation Of NFE2L2 R-HSA-9762114,1/51,0.2258270216564654,0.3689928316122624,0,0,4.01010101010101,5.966974015935645,PSMB9
Reactome_2022,Transcriptional Activity Of SMAD2/SMAD3:SMAD4 Heterotrimer R-HSA-2173793,1/51,0.2258270216564654,0.3689928316122624,0,0,4.01010101010101,5.966974015935645,STAT1
Reactome_2022,Ubiquitin Mediated Degradation Of Phosphorylated Cdc25A R-HSA-69601,1/51,0.2258270216564654,0.3689928316122624,0,0,4.01010101010101,5.966974015935645,PSMB9
Reactome_2022,Ubiquitin-dependent Degradation Of Cyclin D R-HSA-75815,1/51,0.2258270216564654,0.3689928316122624,0,0,4.01010101010101,5.966974015935645,PSMB9
Reactome_2022,Vpu Mediated Degradation Of CD4 R-HSA-180534,1/51,0.2258270216564654,0.3689928316122624,0,0,4.01010101010101,5.966974015935645,PSMB9
Reactome_2022,Regulation Of Apoptosis R-HSA-169911,1/52,0.2297077768169888,0.3724609560126365,0,0,3.9312735195088138,5.782696221966044,PSMB9
Reactome_2022,Signaling By PDGF R-HSA-186797,1/52,0.2297077768169888,0.3724609560126365,0,0,3.9312735195088138,5.782696221966044,STAT1
Reactome_2022,"Nucleotide-binding Domain, Leucine Rich Repeat Containing NLR Signaling Pathways R-HSA-168643",1/53,0.233569272224541,0.3724609560126365,0,0,3.8554778554778553,5.606931137649977,TNFAIP3
Reactome_2022,Vif-mediated Degradation Of APOBEC3G R-HSA-180585,1/53,0.233569272224541,0.3724609560126365,0,0,3.8554778554778553,5.606931137649977,PSMB9
Reactome_2022,Negative Regulation Of NOTCH4 Signaling R-HSA-9604323,1/53,0.233569272224541,0.3724609560126365,0,0,3.8554778554778553,5.606931137649977,PSMB9
Reactome_2022,Metabolism Of Proteins R-HSA-392499,12/1890,0.2338452188378669,0.3724609560126365,0,0,1.308597153645077,1.901517080776033,IFIH1;CDKN2A;CEACAM5;GNB4;PLAUR;TNFAIP3;UBE2L6;HLA-A;APOE;LYZ;B2M;PSMB9
Reactome_2022,AUF1 (hnRNP D0) Binds And Destabilizes mRNA R-HSA-450408,1/54,0.2374116024468537,0.3724609560126365,0,0,3.7825424051839143,5.43914439332398,PSMB9
Reactome_2022,SCF-beta-TrCP Mediated Degradation Of Emi1 R-HSA-174113,1/54,0.2374116024468537,0.3724609560126365,0,0,3.7825424051839143,5.43914439332398,PSMB9
Reactome_2022,Degradation Of AXIN R-HSA-4641257,1/54,0.2374116024468537,0.3724609560126365,0,0,3.7825424051839143,5.43914439332398,PSMB9
Reactome_2022,FBXL7 Down-Regulates AURKA During Mitotic Entry And In Early Mitosis R-HSA-8854050,1/54,0.2374116024468537,0.3724609560126365,0,0,3.7825424051839143,5.43914439332398,PSMB9
Reactome_2022,Interleukin-12 Family Signaling R-HSA-447115,1/54,0.2374116024468537,0.3724609560126365,0,0,3.7825424051839143,5.43914439332398,STAT1
Reactome_2022,Complement Cascade R-HSA-166658,1/55,0.2412348616553018,0.3743895881603788,0,0,3.7123082678638233,5.278844037828421,C1QA
Reactome_2022,Degradation Of DVL R-HSA-4641258,1/55,0.2412348616553018,0.3743895881603788,0,0,3.7123082678638233,5.278844037828421,PSMB9
Reactome_2022,Hh Mutants Are Degraded By ERAD R-HSA-5362768,1/55,0.2412348616553018,0.3743895881603788,0,0,3.7123082678638233,5.278844037828421,PSMB9
Reactome_2022,E3 Ubiquitin Ligases Ubiquitinate Target Proteins R-HSA-8866654,1/56,0.2450391435680432,0.3789355327320098,0,0,3.644628099173554,5.125576482532065,HLA-A
Reactome_2022,Assembly Of Collagen Fibrils And Other Multimeric Structures R-HSA-2022090,1/57,0.2488245414130006,0.3814254676744318,0,0,3.5793650793650795,4.978922896997587,CTSS
Reactome_2022,Signaling By ERBB4 R-HSA-1236394,1/57,0.2488245414130006,0.3814254676744318,0,0,3.5793650793650795,4.978922896997587,APOE
Reactome_2022,Hh Mutants Abrogate Ligand Secretion R-HSA-5387390,1/58,0.2525911479606718,0.3814254676744318,0,0,3.5163919900762006,4.8384959983786695,PSMB9
Reactome_2022,Metabolism Of Polyamines R-HSA-351202,1/58,0.2525911479606718,0.3814254676744318,0,0,3.5163919900762006,4.8384959983786695,PSMB9
Reactome_2022,NIK To Noncanonical NF-kB Signaling R-HSA-5676590,1/58,0.2525911479606718,0.3814254676744318,0,0,3.5163919900762006,4.8384959983786695,PSMB9
Reactome_2022,SCF(Skp2)-mediated Degradation Of P27/P21 R-HSA-187577,1/59,0.256339055642632,0.3814254676744318,0,0,3.4555903866248694,4.703937185372145,PSMB9
Reactome_2022,Degradation Of GLI1 By Proteasome R-HSA-5610780,1/59,0.256339055642632,0.3814254676744318,0,0,3.4555903866248694,4.703937185372145,PSMB9
Reactome_2022,Degradation Of GLI2 By Proteasome R-HSA-5610783,1/59,0.256339055642632,0.3814254676744318,0,0,3.4555903866248694,4.703937185372145,PSMB9
Reactome_2022,GABA Receptor Activation R-HSA-977443,1/59,0.256339055642632,0.3814254676744318,0,0,3.4555903866248694,4.703937185372145,GNB4
Reactome_2022,GLI3 Is Processed To GLI3R By Proteasome R-HSA-5610785,1/59,0.256339055642632,0.3814254676744318,0,0,3.4555903866248694,4.703937185372145,PSMB9
Reactome_2022,Role Of GTSE1 In G2/M Progression After G2 Checkpoint R-HSA-8852276,1/59,0.256339055642632,0.3814254676744318,0,0,3.4555903866248694,4.703937185372145,PSMB9
Reactome_2022,Defective CFTR Causes Cystic Fibrosis R-HSA-5678895,1/60,0.2600683562676618,0.3851668735039725,0,0,3.396849854476973,4.574913980988086,PSMB9
Reactome_2022,Transcriptional Regulation By TP53 R-HSA-3700989,3/354,0.260632549507307,0.3851668735039725,0,0,1.722530619437836,2.3161899797868197,CDKN2A;PMAIP1;FOS
Reactome_2022,Ca2+ Pathway R-HSA-4086398,1/61,0.2637791413086752,0.385866108738704,0,0,3.34006734006734,4.451117734093463,GNB4
Reactome_2022,Dectin-1 Mediated Noncanonical NF-kB Signaling R-HSA-5607761,1/61,0.2637791413086752,0.385866108738704,0,0,3.34006734006734,4.451117734093463,PSMB9
Reactome_2022,Signaling By FGFR In Disease R-HSA-1226099,1/61,0.2637791413086752,0.385866108738704,0,0,3.34006734006734,4.451117734093463,STAT1
Reactome_2022,Ub-specific Processing Proteases R-HSA-5689880,2/201,0.2660805999708533,0.3860505342656924,0,0,2.020408163265306,2.6749315277587797,IFIH1;PSMB9
Reactome_2022,Asymmetric Localization Of PCP Proteins R-HSA-4608870,1/62,0.2674715018007107,0.3860505342656924,0,0,3.285146547441629,4.332261561529935,PSMB9
Reactome_2022,TP53 Regulates Transcription Of DNA Repair Genes R-HSA-6796648,1/62,0.2674715018007107,0.3860505342656924,0,0,3.285146547441629,4.332261561529935,FOS
Reactome_2022,MAP Kinase Activation R-HSA-450294,1/62,0.2674715018007107,0.3860505342656924,0,0,3.285146547441629,4.332261561529935,FOS
Reactome_2022,Signaling By NOTCH R-HSA-157118,2/203,0.2697872573969225,0.3869090609263996,0,0,2.000101533150574,2.620376153040449,STAT1;PSMB9
Reactome_2022,Autodegradation Of Cdh1 By Cdh1:APC/C R-HSA-174084,1/63,0.2711455282609312,0.3869090609263996,0,0,3.231997393287716,4.218078497375417,PSMB9
Reactome_2022,Cytosolic Sensors Of Pathogen-Associated DNA R-HSA-1834949,1/63,0.2711455282609312,0.3869090609263996,0,0,3.231997393287716,4.218078497375417,IRF7
Reactome_2022,Transcriptional Regulation By RUNX1 R-HSA-8878171,2/204,0.2716405416203822,0.3869090609263996,0,0,1.99009900990099,2.5936475306384104,SERPINB13;PSMB9
Reactome_2022,Oxygen-dependent Proline Hydroxylation Of Hypoxia-inducible Factor Alpha R-HSA-1234176,1/64,0.2748013108427819,0.3888528352775313,0,0,3.180535513868848,4.108319823136149,PSMB9
Reactome_2022,Hedgehog Ligand Biogenesis R-HSA-5358346,1/64,0.2748013108427819,0.3888528352775313,0,0,3.180535513868848,4.108319823136149,PSMB9
Reactome_2022,Regulation Of RAS By GAPs R-HSA-5658442,1/65,0.2784389392137884,0.3927168100311738,0,0,3.1306818181818183,4.00275356439037,PSMB9
Reactome_2022,Activation Of NF-kappaB In B Cells R-HSA-1169091,1/66,0.2820585025763683,0.3952470278820954,0,0,3.0823620823620823,3.9011631304837175,PSMB9
Reactome_2022,Integrin Cell Surface Interactions R-HSA-216083,1/66,0.2820585025763683,0.3952470278820954,0,0,3.0823620823620823,3.9011631304837175,ICAM1
Reactome_2022,APC/C:Cdc20 Mediated Degradation Of Securin R-HSA-174154,1/67,0.2856600898087258,0.3975548389819181,0,0,3.0355065809611266,3.8033460819667058,PSMB9
Reactome_2022,Regulation Of PTEN Stability And Activity R-HSA-8948751,1/67,0.2856600898087258,0.3975548389819181,0,0,3.0355065809611266,3.8033460819667058,PSMB9
Reactome_2022,G Alpha (Q) Signaling Events R-HSA-416476,2/212,0.2864598377883567,0.3975548389819181,0,0,1.913508260447036,2.392185621773637,RGS1;GNB4
Reactome_2022,Costimulation By CD28 Family R-HSA-388841,1/68,0.2892437892552286,0.4001359768291181,0,0,2.990049751243781,3.709113016933223,HLA-DQA1
Reactome_2022,Orc1 Removal From Chromatin R-HSA-68949,1/69,0.2928096888806698,0.4012234028016773,0,0,2.9459298871063577,3.6182865561027495,PSMB9
Reactome_2022,Circadian Clock R-HSA-400253,1/69,0.2928096888806698,0.4012234028016773,0,0,2.9459298871063577,3.6182865561027495,NAMPT
Reactome_2022,Interleukin-17 Signaling R-HSA-448424,1/69,0.2928096888806698,0.4012234028016773,0,0,2.9459298871063577,3.6182865561027495,FOS
Reactome_2022,Diseases Of Programmed Cell Death R-HSA-9645723,1/71,0.2998884383134025,0.4096267942892848,0,0,2.8614718614718613,3.446198601550195,CDKN2A
Reactome_2022,CDK-mediated Phosphorylation And Removal Of Cdc6 R-HSA-69017,1/72,0.3034014618596549,0.4118270626496257,0,0,2.821027173139849,3.3646345783285243,PSMB9
Reactome_2022,Cdc20:Phospho-APC/C Mediated Degradation Of Cyclin A R-HSA-174184,1/72,0.3034014618596549,0.4118270626496257,0,0,2.821027173139849,3.3646345783285243,PSMB9
Reactome_2022,APC/C:Cdh1 Mediated Degradation Of Cdc20 And APC/C:Cdh1 Targets In Late Mitosis/Early G1 R-HSA-174178,1/73,0.3068970331118836,0.4126907308616324,0,0,2.781705948372615,3.2858706369655613,PSMB9
Reactome_2022,APC:Cdc20 Mediated Degradation Of Cell Cycle Proteins Before Cycle Checkpoint Satisfied R-HSA-179419,1/73,0.3068970331118836,0.4126907308616324,0,0,2.781705948372615,3.2858706369655613,PSMB9
Reactome_2022,Cellular Response To Hypoxia R-HSA-1234174,1/73,0.3068970331118836,0.4126907308616324,0,0,2.781705948372615,3.2858706369655613,PSMB9
Reactome_2022,Formation Of Cornified Envelope R-HSA-6809371,1/74,0.3103752378928968,0.4160757833053384,0,0,2.74346201743462,3.209777224050686,SPRR3
Reactome_2022,APC/C:Cdc20 Mediated Degradation Of Mitotic Proteins R-HSA-176409,1/75,0.3138361616484454,0.4194168456598052,0,0,2.7062517062517064,3.1362323637249645,PSMB9
Reactome_2022,Activation Of APC/C And APC/C:Cdc20 Mediated Degradation Of Mitotic Proteins R-HSA-176814,1/76,0.3172798893506643,0.4201290277946106,0,0,2.67003367003367,3.065121123308704,PSMB9
Reactome_2022,Protein Ubiquitination R-HSA-8852135,1/76,0.3172798893506643,0.4201290277946106,0,0,2.67003367003367,3.065121123308704,HLA-A
Reactome_2022,SUMOylation Of DNA Damage Response And Repair Proteins R-HSA-3108214,1/76,0.3172798893506643,0.4201290277946106,0,0,2.67003367003367,3.065121123308704,CDKN2A
Reactome_2022,ABC Transporter Disorders R-HSA-5619084,1/77,0.3207065055587057,0.4220848538204242,0,0,2.6347687400318978,2.996335121708695,PSMB9
Reactome_2022,Regulation Of Insulin Secretion R-HSA-422356,1/77,0.3207065055587057,0.4220848538204242,0,0,2.6347687400318978,2.996335121708695,GNB4
Reactome_2022,FCERI Mediated NF-kB Activation R-HSA-2871837,1/78,0.3241160944299128,0.4239947700548407,0,0,2.600419782237964,2.929772078325152,PSMB9
Reactome_2022,G Alpha (12/13) Signaling Events R-HSA-416482,1/78,0.3241160944299128,0.4239947700548407,0,0,2.600419782237964,2.929772078325152,GNB4
Reactome_2022,Downstream Signaling Events Of B Cell Receptor (BCR) R-HSA-1168372,1/79,0.3275087398015298,0.4271424226929591,0,0,2.566951566951567,2.865335397718705,PSMB9
Reactome_2022,Regulation Of APC/C Activators Between G1/S And Early Anaphase R-HSA-176408,1/80,0.3308845249727721,0.4302492471868177,0,0,2.534330648254699,2.8029337896230078,PSMB9
Reactome_2022,Signaling By NOTCH4 R-HSA-9013694,1/81,0.3342435328543524,0.4333157177423191,0,0,2.5025252525252526,2.742480915944007,PSMB9
Reactome_2022,Cyclin E Associated Events During G1/S Transition R-HSA-69202,1/82,0.3375858460637784,0.4363423025242269,0,0,2.471505175208879,2.6838950656014107,PSMB9
Reactome_2022,Platelet Homeostasis R-HSA-418346,1/83,0.3409115467213686,0.4393294634831923,0,0,2.4412416851441243,2.627098856469418,GNB4
Reactome_2022,Cyclin A:Cdk2-associated Events At S Phase Entry R-HSA-69656,1/84,0.3442207165268205,0.440969142769566,0,0,2.4117074358038213,2.572018957842433,PSMB9
Reactome_2022,Degradation Of Beta-Catenin By Destruction Complex R-HSA-195253,1/84,0.3442207165268205,0.440969142769566,0,0,2.4117074358038213,2.572018957842433,PSMB9
Reactome_2022,Hedgehog On State R-HSA-5632684,1/85,0.3475134368660721,0.4438740948761334,0,0,2.382876382876383,2.5185858334956643,PSMB9
Reactome_2022,APC/C-mediated Degradation Of Cell Cycle Proteins R-HSA-174143,1/87,0.3540498524990138,0.4508929003884498,0,0,2.327225745830397,2.4163993335324085,PSMB9
Reactome_2022,Opioid Signaling R-HSA-111885,1/88,0.3572937084833981,0.4512791950963833,0,0,2.3003599210495764,2.367523811703655,GNB4
Reactome_2022,PCP/CE Pathway R-HSA-4086400,1/88,0.3572937084833981,0.4512791950963833,0,0,2.3003599210495764,2.367523811703655,PSMB9
Reactome_2022,Antimicrobial Peptides R-HSA-6803157,1/89,0.3605214364245345,0.4512791950963833,0,0,2.2741046831955924,2.32005037808893,LYZ
Reactome_2022,Unfolded Protein Response (UPR) R-HSA-381119,1/89,0.3605214364245345,0.4512791950963833,0,0,2.2741046831955924,2.32005037808893,CXCL8
Reactome_2022,"Platelet Activation, Signaling And Aggregation R-HSA-76002",2/254,0.3633561054844688,0.4512791950963833,0,0,1.591188856494979,1.610874915736704,PLEK;GNB4
Reactome_2022,Chaperonin-mediated Protein Folding R-HSA-390466,1/90,0.3637331156781473,0.4512791950963833,0,0,2.2484394506866416,2.273925239694265,GNB4
Reactome_2022,Collagen Formation R-HSA-1474290,1/90,0.3637331156781473,0.4512791950963833,0,0,2.2484394506866416,2.273925239694265,CTSS
Reactome_2022,Switching Of Origins To A Post-Replicative State R-HSA-69052,1/90,0.3637331156781473,0.4512791950963833,0,0,2.2484394506866416,2.273925239694265,PSMB9
Reactome_2022,MAPK6/MAPK4 Signaling R-HSA-5687128,1/90,0.3637331156781473,0.4512791950963833,0,0,2.2484394506866416,2.273925239694265,PSMB9
Reactome_2022,Class B/2 (Secretin Family Receptors) R-HSA-373080,1/92,0.3701086437867988,0.4578772650276682,0,0,2.1988011988011986,2.185517547233266,GNB4
Reactome_2022,GPCR Downstream Signaling R-HSA-388396,4/619,0.3743954705241321,0.4618610790226473,0,0,1.3065718157181572,1.2836318540680745,CXCL8;RGS1;CCL4;GNB4
Reactome_2022,RHO GTPase Cycle R-HSA-9012999,3/441,0.3793554679549411,0.4655713311131826,0,0,1.3742409264228217,1.3320264484716084,NCF2;EPSTI1;CYBB
Reactome_2022,UCH Proteinases R-HSA-5689603,1/95,0.3795535332169826,0.4655713311131826,0,0,2.1283043197936813,2.061815304518316,PSMB9
Reactome_2022,Protein Folding R-HSA-391251,1/96,0.3826705658807354,0.4680687995094871,0,0,2.105794790005316,2.022786046627892,GNB4
Reactome_2022,Generic Transcription Pathway R-HSA-212436,7/1190,0.3853186291486474,0.4690128106967217,0,0,1.1908761213972132,1.135720311319171,SERPINB13;STAT1;CDKN2A;PMAIP1;APOE;FOS;PSMB9
Reactome_2022,Post-translational Protein Modification R-HSA-597592,8/1383,0.3880354741740279,0.4690128106967217,0,0,1.1715415019762845,1.1090497388200102,IFIH1;CDKN2A;CEACAM5;PLAUR;TNFAIP3;HLA-A;APOE;PSMB9
Reactome_2022,RUNX1 Regulates Transcription Of Genes Involved In Differentiation Of HSCs R-HSA-8939236,1/98,0.3888581963975129,0.4690128106967217,0,0,2.062168072477351,1.947801335478516,PSMB9
Reactome_2022,Hedgehog Off State R-HSA-5610787,1/98,0.3888581963975129,0.4690128106967217,0,0,2.062168072477351,1.947801335478516,PSMB9
Reactome_2022,Visual Phototransduction R-HSA-2187338,1/98,0.3888581963975129,0.4690128106967217,0,0,2.062168072477351,1.947801335478516,APOE
Reactome_2022,RHO GTPase Effectors R-HSA-195258,2/269,0.390143698583407,0.4692561707961534,0,0,1.50064969808148,1.412471746643874,NCF2;CYBB
Reactome_2022,RAF/MAP Kinase Cascade R-HSA-5673001,2/271,0.3936793351612003,0.4708926854276236,0,0,1.489340717699719,1.3883910758922942,DUSP5;PSMB9
Reactome_2022,Cell Cycle Checkpoints R-HSA-69620,2/271,0.3936793351612003,0.4708926854276236,0,0,1.489340717699719,1.3883910758922942,CDKN2A;PSMB9
Reactome_2022,TNFR2 Non-Canonical NF-kB Pathway R-HSA-5668541,1/100,0.394984420817951,0.4711522154660407,0,0,2.020304050607081,1.8766785261005492,PSMB9
Reactome_2022,ABC-family Proteins Mediated Transport R-HSA-382556,1/102,0.4010498423953424,0.4757659774169405,0,0,1.98009800980098,1.8091552855878603,PSMB9
Reactome_2022,Potassium Channels R-HSA-1296071,1/102,0.4010498423953424,0.4757659774169405,0,0,1.98009800980098,1.8091552855878603,GNB4
Reactome_2022,MAPK1/MAPK3 Signaling R-HSA-5684996,2/277,0.4042312081401017,0.4782298172805029,0,0,1.4564007421150278,1.3191615767443174,DUSP5;PSMB9
Reactome_2022,Transport Of Inorganic Cations/Anions And Amino Acids/Oligopeptides R-HSA-425393,1/104,0.4070550586365517,0.4802584206801822,0,0,1.9414533686378344,1.7449915352070269,SLC15A3
Reactome_2022,Integration Of Energy Metabolism R-HSA-163685,1/105,0.4100352748474052,0.4824599837199089,0,0,1.9226884226884229,1.7140999679223647,GNB4
Reactome_2022,Post-translational Protein Phosphorylation R-HSA-8957275,1/106,0.4130006611337857,0.4846322121163394,0,0,1.9042809042809044,1.6839671916127796,APOE
Reactome_2022,Degradation Of Extracellular Matrix R-HSA-1474228,1/109,0.4218085691393649,0.4922994890494475,0,0,1.851103628881407,1.5978794932003777,CTSS
Reactome_2022,Signaling By B Cell Receptor (BCR) R-HSA-983705,1/109,0.4218085691393649,0.4922994890494475,0,0,1.851103628881407,1.5978794932003777,PSMB9
Reactome_2022,Assembly Of Pre-Replicative Complex R-HSA-68867,1/110,0.4247153626139249,0.4943595484188965,0,0,1.834028356964137,1.570544634474372,PSMB9
Reactome_2022,Extracellular Matrix Organization R-HSA-1474244,2/291,0.428510552832088,0.4974398642796089,0,0,1.3848598262834546,1.1735854919050652,CTSS;ICAM1
Reactome_2022,Signaling By WNT R-HSA-195721,2/294,0.4336474073221412,0.5020570250547784,0,0,1.3704221414593234,1.145019904936257,GNB4;PSMB9
Reactome_2022,PPARA Activates Gene Expression R-HSA-1989781,1/116,0.441854774426629,0.5101949795379477,0,0,1.737812911725955,1.419400430166389,G0S2
Reactome_2022,Regulation Of Lipid Metabolism By PPARalpha R-HSA-400206,1/118,0.4474548000683968,0.5152870436957868,0,0,1.7079340412673747,1.3734859734012153,G0S2
Reactome_2022,Synthesis Of DNA R-HSA-69239,1/119,0.450233917137087,0.5171121647754873,0,0,1.6933744221879816,1.3512924945163796,PSMB9
Reactome_2022,DNA Repair R-HSA-73894,2/310,0.4606241899730713,0.5269263556475792,0,0,1.2981712165385637,1.006306983802624,UBE2L6;ISG15
Reactome_2022,Regulation Of IGF Transport And Uptake By IGFBPs R-HSA-381426,1/123,0.4612126761903752,0.5269263556475792,0,0,1.6375227686703095,1.2672723299658175,APOE
Reactome_2022,Platelet Degranulation R-HSA-114608,1/125,0.4666203770761902,0.5317016401947116,0,0,1.6109481915933528,1.2279279396515803,PLEK
Reactome_2022,DNA Replication Pre-Initiation R-HSA-69002,1/127,0.4719743392071369,0.5363907844532554,0,0,1.5852172518839185,1.1902297169988545,PSMB9
Reactome_2022,MAPK Family Signaling Cascades R-HSA-5683057,2/318,0.4738353384074903,0.5370960773048253,0,0,1.2647894600878329,0.9446654359890116,DUSP5;PSMB9
Reactome_2022,G1/S Transition R-HSA-69206,1/129,0.4772750912018035,0.5395825443613079,0,0,1.560290404040404,1.1540879003160078,PSMB9
Reactome_2022,Response To Elevated Platelet Cytosolic Ca2+ R-HSA-76005,1/130,0.4799056771939823,0.5411436412109228,0,0,1.5481168271865946,1.1365742744783855,PLEK
Reactome_2022,ADORA2B Mediated Anti-Inflammatory Cytokine Production R-HSA-9660821,1/131,0.4825231566060633,0.5426818878192868,0,0,1.5361305361305362,1.119418823893266,GNB4
Reactome_2022,RNA Polymerase II Transcription R-HSA-73857,7/1312,0.4860720331468898,0.5452569698253972,0,0,1.072508548593087,0.7737060042589672,SERPINB13;STAT1;CDKN2A;PMAIP1;APOE;FOS;PSMB9
Reactome_2022,Cell Surface Interactions At Vascular Wall R-HSA-202733,1/134,0.4902976000706425,0.5485758677792977,0,0,1.5012531328320802,1.0700072490423935,CEACAM5
Reactome_2022,Signaling By Hedgehog R-HSA-5358351,1/135,0.4928632963661163,0.5500252766147639,0,0,1.4899743705713857,1.0541917813157848,PSMB9
Reactome_2022,Factors Involved In Megakaryocyte Development And Platelet Production R-HSA-983231,1/136,0.4954162061866802,0.5514530007167932,0,0,1.4788627010849231,1.0386896427963577,IRF1
Reactome_2022,PTEN Regulation R-HSA-6807070,1/139,0.502998845735877,0.5584576928298327,0,0,1.4464939247547943,0.993983474661611,PSMB9
Reactome_2022,G2/M Checkpoints R-HSA-69481,1/148,0.5250764322021929,0.5814785042034515,0,0,1.357314643028929,0.874397623216168,PSMB9
Reactome_2022,G Alpha (S) Signaling Events R-HSA-418555,1/153,0.5369192861105836,0.5930766604231701,0,0,1.312333864965444,0.8161502743919713,GNB4
Reactome_2022,DNA Replication R-HSA-69306,1/155,0.5415741406288901,0.5966961905656728,0,0,1.295159386068477,0.7942892672270463,PSMB9
Reactome_2022,Regulation Of TP53 Activity R-HSA-5633007,1/157,0.5461826679773242,0.5987268233776744,0,0,1.2784252784252783,0.7731939126941498,CDKN2A
Reactome_2022,Influenza Infection R-HSA-168255,1/157,0.5461826679773242,0.5987268233776744,0,0,1.2784252784252783,0.7731939126941498,ISG15
Reactome_2022,S Phase R-HSA-69242,1/161,0.5552625624524002,0.6071431554088114,0,0,1.246212121212121,0.7331642766599419,PSMB9
Reactome_2022,Anti-inflammatory Response Favoring Leishmania Infection R-HSA-9662851,1/165,0.5641625680272377,0.6153208865385238,0,0,1.215570337521557,0.6958080543325024,GNB4
Reactome_2022,Regulation Of Expression Of SLITs And ROBOs R-HSA-9010553,1/167,0.5685462179076766,0.6185440008895075,0,0,1.2008032128514057,0.6780607576727649,PSMB9
Reactome_2022,SUMO E3 Ligases SUMOylate Target Proteins R-HSA-3108232,1/168,0.5707216454532212,0.6193545676221675,0,0,1.1935522893606727,0.6694081869063938,CDKN2A
Reactome_2022,Separation Of Sister Chromatids R-HSA-2467813,1/170,0.5750399753809352,0.6224807733498624,0,0,1.1793078716155638,0.6525295819615611,PSMB9
Reactome_2022,SUMOylation R-HSA-2990846,1/174,0.58354802824362,0.6301154519438589,0,0,1.1518070882232732,0.6203961472877585,CDKN2A
Reactome_2022,Disorders Of Transmembrane Transporters R-HSA-5619115,1/176,0.5877385951928842,0.633061720692833,0,0,1.1385281385281385,0.6050969607350297,PSMB9
Reactome_2022,Gene Expression (Transcription) R-HSA-74160,7/1449,0.5933041068374006,0.6374706656590434,0,0,0.963461739221213,0.5029734510408228,SERPINB13;STAT1;CDKN2A;PMAIP1;APOE;FOS;PSMB9
Reactome_2022,G2/M Transition R-HSA-69275,1/182,0.6000614365231335,0.6415471654679427,0,0,1.1004520341536916,0.5620264226281814,PSMB9
Reactome_2022,Neurotransmitter Receptors And Postsynaptic Signal Transmission R-HSA-112314,1/182,0.6000614365231335,0.6415471654679427,0,0,1.1004520341536916,0.5620264226281814,GNB4
Reactome_2022,Mitotic G2-G2/M Phases R-HSA-453274,1/184,0.6040874563472056,0.6442607600944337,0,0,1.088314842413203,0.5485501823263738,PSMB9
Reactome_2022,Signaling By Rho GTPases R-HSA-194315,3/644,0.629017211049024,0.667818316049349,0,0,0.9292342827733728,0.4307899099422755,NCF2;EPSTI1;CYBB
Reactome_2022,Diseases Of Signal Transduction By Growth Factor Receptors And Second Messengers R-HSA-5663202,2/424,0.629260676554583,0.667818316049349,0,0,0.9419673082503144,0.4363283735408473,STAT1;PSMB9
Reactome_2022,TCF Dependent Signaling In Response To WNT R-HSA-201681,1/198,0.6311679368829785,0.6682046862355249,0,0,1.010254832589858,0.4649024106032371,PSMB9
Reactome_2022,"Signaling By Rho GTPases, Miro GTPases And RHOBTB3 R-HSA-9716542",3/660,0.6456015095010882,0.6818181795462712,0,0,0.905851339264699,0.3963759285487466,NCF2;EPSTI1;CYBB
Reactome_2022,Keratinization R-HSA-6805567,1/208,0.6493802925715624,0.6841403082323272,0,0,0.9609622798028596,0.4148827478019421,SPRR3
Reactome_2022,Signaling By ROBO Receptors R-HSA-376176,1/209,0.6511518081544677,0.6843415847837003,0,0,0.9562937062937062,0.4102619266169074,PSMB9
Reactome_2022,Mitotic Anaphase R-HSA-68882,1/232,0.6895374384771322,0.7228254776282163,0,0,0.8600725873453147,0.3197184684889406,PSMB9
Reactome_2022,Mitotic Metaphase And Anaphase R-HSA-2555396,1/233,0.6911079624436063,0.7228254776282163,0,0,0.8563218390804598,0.3163760043404945,PSMB9
Reactome_2022,Neddylation R-HSA-8951664,1/237,0.6973117900084985,0.7275566387317587,0,0,0.8416367060434857,0.3034290845005001,PSMB9
Reactome_2022,Transmission Across Chemical Synapses R-HSA-112315,1/246,0.7108229973595908,0.7378474151094635,0,0,0.8103483817769532,0.276597695305975,GNB4
Reactome_2022,SLC-mediated Transmembrane Transport R-HSA-425407,1/247,0.7122868810987432,0.7378474151094635,0,0,0.807013221647368,0.2737990281131923,SLC15A3
Reactome_2022,Leishmania Infection R-HSA-9658195,1/247,0.7122868810987432,0.7378474151094635,0,0,0.807013221647368,0.2737990281131923,GNB4
Reactome_2022,"Cell Cycle, Mitotic R-HSA-69278",2/523,0.7403489982095609,0.7643361375405961,0,0,0.7590974969642368,0.2282102016940898,CDKN2A;PSMB9
Reactome_2022,PIP3 Activates AKT Signaling R-HSA-1257604,1/268,0.7413884013095853,0.7643361375405961,0,0,0.7427458101615405,0.2222522987073151,PSMB9
Reactome_2022,Intracellular Signaling By Second Messengers R-HSA-9006925,1/306,0.7868328435807778,0.8092603830652656,0,0,0.6489485014075178,0.1555785568700312,PSMB9
Reactome_2022,Metabolism Of Amino Acids And Derivatives R-HSA-71291,1/364,0.8413986443361361,0.8629934148111847,0,0,0.5436458246375602,0.0938820447069887,PSMB9
Reactome_2022,Cell Cycle R-HSA-1640170,2/654,0.8430628509587325,0.8629934148111847,0,0,0.6024790284211844,0.1028514647586471,CDKN2A;PSMB9
Reactome_2022,Metabolism Of RNA R-HSA-8953854,2/666,0.8503648526182161,0.8684150499615273,0,0,0.5912220309810671,0.0958310508365151,ZFP36;PSMB9
Reactome_2022,M Phase R-HSA-68886,1/380,0.8538443293522844,0.8699166931989156,0,0,0.5202686495562485,0.0822057690343468,PSMB9
Reactome_2022,Neuronal System R-HSA-112316,1/386,0.8582578583674669,0.8723606870260872,0,0,0.5120031483667847,0.0782600347239107,GNB4
Reactome_2022,Metabolism R-HSA-1430728,7/2049,0.8978748911838111,0.9104914001934198,0,0,0.6582519772940297,0.0709098913134095,NAMPT;GNB4;G0S2;APOE;PARP14;PARP9;PSMB9
Reactome_2022,Axon Guidance R-HSA-422475,1/519,0.9283425482174004,0.9391876714442392,0,0,0.3779493779493779,0.0281022328923655,PSMB9
Reactome_2022,Nervous System Development R-HSA-9675108,1/545,0.9373221599810252,0.9460617605402888,0,0,0.3594028520499108,0.0232635123219215,PSMB9
Reactome_2022,Sensory Perception R-HSA-9709957,1/616,0.9565558808241212,0.9632295265042894,0,0,0.3167446825983411,0.0140685538737299,APOE
Reactome_2022,Vesicle-mediated Transport R-HSA-5653656,1/637,0.961029385670091,0.9654889187822492,0,0,0.3059526078394003,0.0121617055789124,APOE
Reactome_2022,Developmental Biology R-HSA-1266738,2/1073,0.9733860210045728,0.9756392293865278,0,0,0.3587911355018198,0.0096782267991903,SPRR3;PSMB9
Reactome_2022,Metabolism Of Lipids R-HSA-556833,1/732,0.9761985495074345,0.9761985495074345,0,0,0.2648786082438613,0.006380735327153,G0S2
